Date,Joueurs,Mise,P-R1,W-R1,P-R2,W-R2,P-R3,W-R3,P-R4,W-R4,P-R5,W-R5,P-R6,W-R6,grilles,pay1,pay2,pay3,pay4,pay5,pay6,payout
2023-11-06,251269.0,1529565.0,0.0,0.0,0.0,0.0,31.0,107.5,1364.0,42.0,18891.0,5.3,109250.0,2.5,611826,0.0,0.0,3332.5,57288.0,100122.3,273125.0,433867.8
2023-11-09,192647.0,1090802.5,0.0,0.0,0.0,0.0,17.0,173.9,871.0,56.6,12551.0,6.7,75352.0,2.5,436321,0.0,0.0,2956.3,49298.6,84091.7,188380.0,324726.6
2023-11-13,171991.0,965242.5,0.0,0.0,0.0,0.0,12.0,150.1,707.0,52.0,10748.0,6.3,66358.0,2.5,386097,0.0,0.0,1801.1999999999998,36764.0,67712.4,165895.0,272172.6
2023-11-16,175695.0,992552.5,0.0,0.0,0.0,0.0,24.0,57.9,949.0,26.0,13684.0,3.8,75155.0,2.5,397021,0.0,0.0,1389.6,24674.0,51999.2,187887.5,265950.3
2023-11-20,180129.0,953802.5,0.0,0.0,0.0,0.0,18.0,87.7,777.0,34.7,11638.0,4.7,68322.0,2.5,381521,0.0,0.0,1578.6000000000001,26961.9,54698.6,170805.0,254044.1
2023-11-23,171234.0,919200.0,0.0,0.0,0.0,0.0,14.0,135.4,775.0,42.7,11294.0,5.5,66255.0,2.5,367680,0.0,0.0,1895.6000000000001,33092.5,62117.0,165637.5,262742.6
2023-11-27,145162.0,801177.5,0.0,0.0,0.0,0.0,14.0,114.1,715.0,46.4,9524.0,5.9,55969.0,2.5,320471,0.0,0.0,1597.3999999999999,33176.0,56191.600000000006,139922.5,230887.5
2023-11-30,153911.0,853492.5,0.0,0.0,0.0,0.0,10.0,144.2,594.0,58.4,9766.0,6.8,59481.0,2.5,341397,0.0,0.0,1442.0,34689.6,66408.8,148702.5,251242.9
2023-12-04,142946.0,804387.5,0.0,0.0,0.0,0.0,6.0,136.2,715.0,43.7,9879.0,5.5,58052.0,2.5,321755,0.0,0.0,817.1999999999999,31245.500000000004,54334.5,145130.0,231527.2
2023-12-07,131830.0,751205.0,0.0,0.0,0.0,0.0,8.0,167.6,527.0,52.0,8635.0,6.1,52704.0,2.5,300482,0.0,0.0,1340.8,27404.0,52673.5,131760.0,213178.3
2023-12-11,127872.0,729555.0,0.0,0.0,0.0,0.0,17.0,91.0,650.0,39.9,9440.0,5.1,54754.0,2.5,291822,0.0,0.0,1547.0,25935.0,48144.0,136885.0,212511.0
2023-12-14,120212.0,681160.0,0.0,0.0,0.0,0.0,18.0,85.6,761.0,32.4,9104.0,4.4,50818.0,2.5,272464,0.0,0.0,1540.8,24656.399999999998,40057.600000000006,127045.0,193299.8
2023-12-18,114240.0,647010.0,0.0,0.0,0.0,0.0,12.0,133.8,532.0,49.3,7495.0,6.2,44636.0,2.5,258804,0.0,0.0,1605.6000000000001,26227.6,46469.0,111590.0,185892.2
2023-12-21,113379.0,649730.0,0.0,0.0,0.0,0.0,15.0,84.5,588.0,35.3,8416.0,4.9,47066.0,2.5,259892,0.0,0.0,1267.5,20756.399999999998,41238.4,117665.0,180927.3
2023-12-25,121360.0,684915.0,0.0,0.0,0.0,0.0,12.0,94.0,636.0,29.5,9368.0,3.9,52875.0,2.5,273966,0.0,0.0,1128.0,18762.0,36535.2,132187.5,188612.7
2023-12-28,112797.0,643797.5,0.0,0.0,0.0,0.0,17.0,113.7,591.0,38.7,8227.0,5.1,46727.0,2.5,257519,0.0,0.0,1932.9,22871.7,41957.7,116817.5,183579.8
2024-01-01,113237.0,636827.5,0.0,0.0,0.0,0.0,16.0,115.3,618.0,41.7,7985.0,5.5,45700.0,2.5,254731,0.0,0.0,1844.8,25770.600000000002,43917.5,114250.0,185782.9
2024-01-04,107557.0,598255.0,0.0,0.0,0.0,0.0,8.0,125.3,426.0,47.5,7321.0,5.8,42906.0,2.5,239302,0.0,0.0,1002.4,20235.0,42461.799999999996,107265.0,170964.2
2024-01-08,102711.0,568937.5,0.0,0.0,0.0,0.0,5.0,75.5,518.0,32.0,7280.0,4.5,41153.0,2.5,227575,0.0,0.0,377.5,16576.0,32760.0,102882.5,152596.0
2024-01-11,105714.0,588110.0,0.0,0.0,1.0,120000.0,11.0,109.7,443.0,41.5,7244.0,5.3,42974.0,2.5,235244,0.0,120000.0,1206.7,18384.5,38393.2,107435.0,285419.4
2024-01-15,105845.0,583177.5,0.0,0.0,0.0,0.0,10.0,106.5,538.0,40.6,7121.0,5.3,41685.0,2.5,233271,0.0,0.0,1065.0,21842.8,37741.299999999996,104212.5,164861.59999999998
2024-01-18,101078.0,556687.5,0.0,0.0,0.0,0.0,12.0,81.6,578.0,34.5,7150.0,4.8,41027.0,2.5,222675,0.0,0.0,979.1999999999999,19941.0,34320.0,102567.5,157807.7
2024-01-22,100629.0,552417.5,0.0,0.0,0.0,0.0,7.0,127.9,399.0,48.7,6237.0,6.2,38420.0,2.5,220967,0.0,0.0,895.3000000000001,19431.300000000003,38669.4,96050.0,155046.0
2024-01-25,101623.0,559382.5,0.0,0.0,0.0,0.0,8.0,117.4,424.0,48.9,6731.0,5.6,41380.0,2.5,223753,0.0,0.0,939.2,20733.6,37693.6,103450.0,162816.4
2024-01-29,102294.0,560865.0,0.0,0.0,0.0,0.0,14.0,106.7,467.0,41.9,7042.0,5.3,41006.0,2.5,224346,0.0,0.0,1493.8,19567.3,37322.6,102515.0,160898.7
2024-02-01,107667.0,594410.0,0.0,0.0,0.0,0.0,11.0,96.6,486.0,40.4,7306.0,5.3,42665.0,2.5,237764,0.0,0.0,1062.6,19634.399999999998,38721.799999999996,106662.5,166081.3
2024-02-05,100456.0,547290.0,0.0,0.0,0.0,0.0,11.0,88.0,508.0,35.3,7195.0,4.5,40856.0,2.5,218916,0.0,0.0,968.0,17932.399999999998,32377.5,102140.0,153417.9
2024-02-08,97113.0,530780.0,0.0,0.0,0.0,0.0,15.0,120.8,518.0,44.2,7024.0,5.6,38123.0,2.5,212312,0.0,0.0,1812.0,22895.600000000002,39334.399999999994,95307.5,159349.5
2024-02-12,92403.0,501315.0,0.0,0.0,1.0,120000.0,15.0,72.1,518.0,33.9,6712.0,4.6,36820.0,2.5,200526,0.0,120000.0,1081.5,17560.2,30875.199999999997,92050.0,261566.90000000002
2024-02-15,95612.0,517647.5,0.0,0.0,0.0,0.0,11.0,76.1,511.0,32.3,7017.0,4.4,39175.0,2.5,207059,0.0,0.0,837.0999999999999,16505.3,30874.800000000003,97937.5,146154.7
2024-02-19,94610.0,514732.5,0.0,0.0,0.0,0.0,9.0,149.3,463.0,47.9,6084.0,5.8,36405.0,2.5,205893,0.0,0.0,1343.7,22177.7,35287.2,91012.5,149821.1
2024-02-22,100464.0,552322.5,0.0,0.0,0.0,0.0,12.0,101.9,539.0,37.4,7144.0,5.1,40833.0,2.5,220929,0.0,0.0,1222.8000000000002,20158.6,36434.399999999994,102082.5,159898.3
2024-02-26,99812.0,547102.5,0.0,0.0,0.0,0.0,11.0,88.0,516.0,39.6,6837.0,5.2,39577.0,2.5,218841,0.0,0.0,968.0,20433.600000000002,35552.4,98942.5,155896.5
2024-02-29,103683.0,573805.0,0.0,0.0,0.0,0.0,12.0,126.1,477.0,42.3,7314.0,5.4,42555.0,2.5,229522,0.0,0.0,1513.1999999999998,20177.1,39495.600000000006,106387.5,167573.40000000002
2024-03-04,108557.0,576962.5,0.0,0.0,0.0,0.0,11.0,107.4,494.0,43.8,7094.0,5.3,41731.0,2.5,230785,0.0,0.0,1181.4,21637.199999999997,37598.2,104327.5,164744.3
2024-03-07,117495.0,588627.5,0.0,0.0,0.0,0.0,13.0,98.4,526.0,41.5,7132.0,5.5,41501.0,2.5,235451,0.0,0.0,1279.2,21829.0,39226.0,103752.5,166086.7
2024-03-11,115421.0,575107.5,0.0,0.0,0.0,0.0,10.0,118.5,466.0,40.9,6946.0,5.5,41568.0,2.5,230043,0.0,0.0,1185.0,19059.399999999998,38203.0,103920.0,162367.4
2024-03-14,108373.0,546065.0,0.0,0.0,0.0,0.0,17.0,75.7,477.0,34.4,7245.0,4.6,41058.0,2.5,218426,0.0,0.0,1286.9,16408.8,33327.0,102645.0,153667.7
2024-03-18,108097.0,551980.0,0.0,0.0,0.0,0.0,8.0,94.9,431.0,37.0,6928.0,4.7,41162.0,2.5,220792,0.0,0.0,759.2,15947.0,32561.600000000002,102905.0,152172.8
2024-03-21,104858.0,551250.0,0.0,0.0,0.0,0.0,11.0,107.1,502.0,43.8,6961.0,5.4,40057.0,2.5,220500,0.0,0.0,1178.1,21987.6,37589.4,100142.5,160897.6
2024-03-25,102121.0,535005.0,0.0,0.0,0.0,0.0,15.0,68.9,542.0,30.8,7323.0,4.3,40335.0,2.5,214002,0.0,0.0,1033.5,16693.600000000002,31488.899999999998,100837.5,150053.5
2024-03-28,101611.0,539767.5,0.0,0.0,0.0,0.0,17.0,81.9,529.0,31.4,7320.0,4.2,40042.0,2.5,215907,0.0,0.0,1392.3000000000002,16610.6,30744.0,100105.0,148851.9
2024-04-01,97472.0,505605.0,0.0,0.0,0.0,0.0,11.0,83.3,458.0,38.2,6542.0,5.1,36847.0,2.5,202242,0.0,0.0,916.3,17495.600000000002,33364.2,92117.5,143893.6
2024-04-04,91625.0,493820.0,0.0,0.0,0.0,0.0,10.0,104.1,516.0,36.3,6512.0,4.9,36813.0,2.5,197528,0.0,0.0,1041.0,18730.8,31908.800000000003,92032.5,143713.1
2024-04-08,88412.0,473722.5,0.0,0.0,0.0,0.0,14.0,91.3,447.0,42.6,5919.0,5.6,33976.0,2.5,189489,0.0,0.0,1278.2,19042.2,33146.4,84940.0,138406.8
2024-04-11,86459.0,463080.0,0.0,0.0,0.0,0.0,10.0,135.0,388.0,48.8,5494.0,6.0,32503.0,2.5,185232,0.0,0.0,1350.0,18934.399999999998,32964.0,81257.5,134505.9
2024-04-15,85719.0,454945.0,0.0,0.0,0.0,0.0,16.0,86.4,381.0,38.2,5487.0,5.3,31864.0,2.5,181978,0.0,0.0,1382.4,14554.2,29081.1,79660.0,124677.7
2024-04-18,82921.0,442085.0,0.0,0.0,0.0,0.0,13.0,84.1,447.0,36.7,5948.0,4.8,32661.0,2.5,176834,0.0,0.0,1093.3,16404.9,28550.399999999998,81652.5,127701.1
2024-04-22,84465.0,450940.0,0.0,0.0,1.0,120000.0,8.0,137.7,341.0,52.9,4766.0,6.3,30763.0,2.5,180376,0.0,120000.0,1101.6,18038.899999999998,30025.8,76907.5,246073.8
2024-04-25,87251.0,467445.0,0.0,0.0,0.0,0.0,10.0,109.4,386.0,40.1,5806.0,5.0,33781.0,2.5,186978,0.0,0.0,1094.0,15478.6,29030.0,84452.5,130055.1
2024-04-29,87611.0,469002.5,0.0,0.0,0.0,0.0,7.0,94.9,403.0,44.4,5563.0,5.8,32918.0,2.5,187601,0.0,0.0,664.3000000000001,17893.2,32265.399999999998,82295.0,133117.9
2024-05-02,87023.0,467765.0,0.0,0.0,0.0,0.0,8.0,104.3,428.0,38.2,5935.0,5.2,33428.0,2.5,187106,0.0,0.0,834.4,16349.6,30862.0,83570.0,131616.0
2024-05-06,88506.0,470715.0,0.0,0.0,0.0,0.0,4.0,105.5,356.0,41.3,5841.0,5.2,33629.0,2.5,188286,0.0,0.0,422.0,14702.8,30373.2,84072.5,129570.5
2024-05-09,81064.0,427397.5,0.0,0.0,0.0,0.0,15.0,73.8,347.0,29.1,5366.0,3.9,32221.0,2.5,170959,0.0,0.0,1107.0,10097.7,20927.399999999998,80552.5,112684.6
2024-05-13,84331.0,449172.5,0.0,0.0,0.0,0.0,4.0,171.9,357.0,50.3,5144.0,5.9,31795.0,2.5,179669,0.0,0.0,687.6,17957.1,30349.600000000002,79487.5,128481.8
2024-05-16,86299.0,458602.5,0.0,0.0,0.0,0.0,7.0,91.7,402.0,32.4,5983.0,4.2,34417.0,2.5,183441,0.0,0.0,641.9,13024.8,25128.600000000002,86042.5,124837.8
2024-05-20,76196.0,398895.0,0.0,0.0,0.0,0.0,12.0,110.3,352.0,34.3,5329.0,4.6,30161.0,2.5,159558,0.0,0.0,1323.6,12073.599999999999,24513.399999999998,75402.5,113313.1
2024-05-23,86079.0,462330.0,0.0,0.0,0.0,0.0,8.0,67.3,486.0,23.7,6378.0,3.4,36283.0,2.5,184932,0.0,0.0,538.4,11518.199999999999,21685.2,90707.5,124449.3
2024-05-27,82521.0,442920.0,0.0,0.0,0.0,0.0,13.0,60.6,432.0,27.1,5737.0,3.8,33572.0,2.5,177168,0.0,0.0,787.8000000000001,11707.2,21800.6,83930.0,118225.6
2024-05-30,84869.0,456787.5,0.0,0.0,0.0,0.0,10.0,90.6,412.0,36.9,5818.0,4.7,33680.0,2.5,182715,0.0,0.0,906.0,15202.8,27344.600000000002,84200.0,127653.4
2024-06-03,84277.0,450415.0,0.0,0.0,0.0,0.0,8.0,111.7,357.0,47.3,5337.0,6.0,31475.0,2.5,180166,0.0,0.0,893.6,16886.1,32022.0,78687.5,128489.2
2024-06-06,81671.0,436697.5,0.0,0.0,0.0,0.0,10.0,112.2,384.0,41.0,5475.0,5.3,32447.0,2.5,174679,0.0,0.0,1122.0,15744.0,29017.5,81117.5,127001.0
2024-06-10,81032.0,432912.5,0.0,0.0,0.0,0.0,10.0,100.7,384.0,36.6,5738.0,4.7,31944.0,2.5,173165,0.0,0.0,1007.0,14054.400000000001,26968.600000000002,79860.0,121890.0
2024-06-13,81201.0,430915.0,0.0,0.0,0.0,0.0,9.0,89.5,382.0,34.9,5578.0,4.5,33424.0,2.5,172366,0.0,0.0,805.5,13331.8,25101.0,83560.0,122798.3
2024-06-17,79964.0,423377.5,0.0,0.0,0.0,0.0,3.0,113.4,338.0,40.7,4813.0,5.3,30293.0,2.5,169351,0.0,0.0,340.20000000000005,13756.6,25508.899999999998,75732.5,115338.2
2024-06-20,79049.0,419617.5,0.0,0.0,1.0,120000.0,18.0,56.7,487.0,24.4,6258.0,3.5,32818.0,2.5,167847,0.0,120000.0,1020.6,11882.8,21903.0,82045.0,236851.4
2024-06-24,80032.0,424840.0,0.0,0.0,0.0,0.0,8.0,74.7,409.0,30.9,5542.0,4.3,31914.0,2.5,169936,0.0,0.0,597.6,12638.099999999999,23830.6,79785.0,116851.29999999999
2024-06-27,79867.0,425972.5,0.0,0.0,0.0,0.0,11.0,96.2,413.0,32.0,5818.0,4.4,31750.0,2.5,170389,0.0,0.0,1058.2,13216.0,25599.2,79375.0,119248.4
2024-07-01,75346.0,396252.5,0.0,0.0,0.0,0.0,9.0,97.8,381.0,37.3,5507.0,5.0,29647.0,2.5,158501,0.0,0.0,880.1999999999999,14211.3,27535.0,74117.5,116744.0
2024-07-04,75031.0,395995.0,0.0,0.0,0.0,0.0,15.0,100.0,393.0,32.9,5336.0,4.3,29729.0,2.5,158398,0.0,0.0,1500.0,12929.699999999999,22944.8,74322.5,111697.0
2024-07-08,74225.0,389652.5,0.0,0.0,1.0,120000.0,7.0,88.4,383.0,37.5,5116.0,4.9,29136.0,2.5,155861,0.0,120000.0,618.8000000000001,14362.5,25068.4,72840.0,232889.69999999998
2024-07-11,75959.0,397790.0,0.0,0.0,0.0,0.0,5.0,123.4,390.0,39.5,5235.0,5.1,29940.0,2.5,159116,0.0,0.0,617.0,15405.0,26698.499999999996,74850.0,117570.5
2024-07-15,72280.0,378172.5,0.0,0.0,0.0,0.0,9.0,104.4,325.0,34.9,5219.0,4.4,28937.0,2.5,151269,0.0,0.0,939.6,11342.5,22963.600000000002,72342.5,107588.20000000001
2024-07-18,71195.0,373675.0,0.0,0.0,0.0,0.0,4.0,107.1,374.0,43.0,4758.0,5.7,27139.0,2.5,149470,0.0,0.0,428.4,16082.0,27120.600000000002,67847.5,111478.5
2024-07-22,68469.0,357935.0,0.0,0.0,0.0,0.0,4.0,67.3,368.0,29.1,5109.0,3.9,28007.0,2.5,143174,0.0,0.0,269.2,10708.800000000001,19925.1,70017.5,100920.6
2024-07-25,69235.0,363060.0,0.0,0.0,0.0,0.0,14.0,100.5,350.0,41.9,4644.0,5.6,26083.0,2.5,145224,0.0,0.0,1407.0,14665.0,26006.399999999998,65207.5,107285.9
2024-07-29,67717.0,353720.0,0.0,0.0,0.0,0.0,14.0,71.7,380.0,30.0,4771.0,4.3,26184.0,2.5,141488,0.0,0.0,1003.8000000000001,11400.0,20515.3,65460.0,98379.1
2024-08-01,71621.0,371745.0,0.0,0.0,0.0,0.0,4.0,141.6,274.0,47.9,4238.0,5.6,26150.0,2.5,148698,0.0,0.0,566.4,13124.6,23732.8,65375.0,102798.8
2024-08-05,73583.0,378275.0,0.0,0.0,0.0,0.0,11.0,91.3,314.0,38.7,4783.0,5.1,27640.0,2.5,151310,0.0,0.0,1004.3,12151.800000000001,24393.3,69100.0,106649.4
2024-08-08,73943.0,380200.0,0.0,0.0,0.0,0.0,16.0,78.7,395.0,31.7,5132.0,4.1,29081.0,2.5,152080,0.0,0.0,1259.2,12521.5,21041.199999999997,72702.5,107524.4
2024-08-12,72502.0,370810.0,0.0,0.0,0.0,0.0,10.0,54.9,419.0,26.7,5310.0,3.8,28663.0,2.5,148324,0.0,0.0,549.0,11187.3,20178.0,71657.5,103571.8
2024-08-15,71061.0,356090.0,0.0,0.0,0.0,0.0,6.0,154.4,285.0,55.6,4047.0,6.8,24182.0,2.5,142436,0.0,0.0,926.4000000000001,15846.0,27519.6,60455.0,104747.0
2024-08-19,81107.0,415600.0,0.0,0.0,0.0,0.0,10.0,82.0,385.0,35.6,5342.0,4.9,30179.0,2.5,166240,0.0,0.0,820.0,13706.0,26175.800000000003,75447.5,116149.3
2024-08-22,79314.0,410347.5,0.0,0.0,0.0,0.0,10.0,112.4,358.0,41.6,5040.0,5.5,29836.0,2.5,164139,0.0,0.0,1124.0,14892.800000000001,27720.0,74590.0,118326.8
2024-08-26,79065.0,410302.5,0.0,0.0,0.0,0.0,18.0,105.2,317.0,41.0,5335.0,5.0,30556.0,2.5,164121,0.0,0.0,1893.6000000000001,12997.0,26675.0,76390.0,117955.6
2024-08-29,80332.0,418855.0,0.0,0.0,0.0,0.0,8.0,138.1,344.0,44.7,5135.0,5.4,30199.0,2.5,167542,0.0,0.0,1104.8,15376.800000000001,27729.000000000004,75497.5,119708.1
2024-09-02,81486.0,422825.0,0.0,0.0,0.0,0.0,9.0,93.2,338.0,43.3,5200.0,5.6,30295.0,2.5,169130,0.0,0.0,838.8000000000001,14635.4,29119.999999999996,75737.5,120331.7
2024-09-05,78872.0,408295.0,0.0,0.0,1.0,120000.0,14.0,92.9,385.0,40.3,5043.0,5.2,29337.0,2.5,163318,0.0,120000.0,1300.6000000000001,15515.499999999998,26223.600000000002,73342.5,236382.2
2024-09-09,80808.0,418365.0,0.0,0.0,0.0,0.0,22.0,34.7,584.0,22.8,6274.0,3.7,32510.0,2.5,167346,0.0,0.0,763.4000000000001,13315.2,23213.800000000003,81275.0,118567.4
2024-09-12,74018.0,382112.5,0.0,0.0,0.0,0.0,3.0,171.8,253.0,61.1,4051.0,7.4,25119.0,2.5,152845,0.0,0.0,515.4000000000001,15458.300000000001,29977.4,62797.5,108748.6
2024-09-16,75006.0,391830.0,0.0,0.0,0.0,0.0,7.0,148.2,337.0,46.1,5029.0,5.6,28230.0,2.5,156732,0.0,0.0,1037.3999999999999,15535.7,28162.399999999998,70575.0,115310.5
2024-09-19,73610.0,380832.5,0.0,0.0,1.0,120000.0,4.0,112.8,284.0,48.5,4518.0,5.7,27290.0,2.5,152333,0.0,120000.0,451.2,13774.0,25752.600000000002,68225.0,228202.80000000002
2024-09-23,76350.0,395375.0,0.0,0.0,0.0,0.0,6.0,120.2,320.0,49.0,4432.0,5.8,27735.0,2.5,158150,0.0,0.0,721.2,15680.0,25705.6,69337.5,111444.3
2024-09-26,75062.0,391067.5,0.0,0.0,0.0,0.0,9.0,125.2,309.0,44.7,4507.0,5.7,27978.0,2.5,156427,0.0,0.0,1126.8,13812.300000000001,25689.9,69945.0,110574.0
2024-09-30,77880.0,404305.0,0.0,0.0,0.0,0.0,12.0,105.2,371.0,35.8,5247.0,4.8,29999.0,2.5,161722,0.0,0.0,1262.4,13281.8,25185.6,74997.5,114727.29999999999
2024-10-03,87256.0,434180.0,0.0,0.0,0.0,0.0,8.0,103.4,398.0,38.4,5506.0,5.0,31788.0,2.5,173672,0.0,0.0,827.2,15283.199999999999,27530.0,79470.0,123110.4
2024-10-07,102392.0,484590.0,0.0,0.0,0.0,0.0,39.0,43.5,490.0,38.4,5945.0,5.5,34104.0,2.5,193836,0.0,0.0,1696.5,18816.0,32697.5,85260.0,138470.0
2024-10-10,97422.0,473617.5,0.0,0.0,0.0,0.0,5.0,115.6,397.0,40.5,5851.0,5.1,34235.0,2.5,189447,0.0,0.0,578.0,16078.5,29840.1,85587.5,132084.1
2024-10-14,101169.0,485245.0,0.0,0.0,0.0,0.0,11.0,105.0,419.0,37.5,6138.0,5.0,35782.0,2.5,194098,0.0,0.0,1155.0,15712.5,30690.0,89455.0,137012.5
2024-10-17,90446.0,446412.5,0.0,0.0,0.0,0.0,13.0,97.1,342.0,43.6,5277.0,5.8,31049.0,2.5,178565,0.0,0.0,1262.3,14911.2,30606.6,77622.5,124402.6
2024-10-21,86059.0,429052.5,0.0,0.0,0.0,0.0,6.0,137.1,358.0,47.5,5125.0,5.7,30978.0,2.5,171621,0.0,0.0,822.5999999999999,17005.0,29212.5,77445.0,124485.1
2024-10-24,86730.0,434432.5,0.0,0.0,0.0,0.0,8.0,103.1,353.0,38.3,5463.0,4.9,32420.0,2.5,173773,0.0,0.0,824.8,13519.9,26768.7,81050.0,122163.4
2024-10-28,85223.0,424620.0,0.0,0.0,0.0,0.0,7.0,48.1,424.0,22.6,5915.0,3.4,32845.0,2.5,169848,0.0,0.0,336.7,9582.400000000001,20111.0,82112.5,112142.6
2024-10-31,91812.0,468477.5,0.0,0.0,0.0,0.0,12.0,81.9,480.0,35.3,6312.0,4.8,34672.0,2.5,187391,0.0,0.0,982.8000000000001,16944.0,30297.6,86680.0,134904.4
2024-11-04,72834.0,371572.5,0.0,0.0,0.0,0.0,3.0,202.1,282.0,65.0,4013.0,7.6,23916.0,2.5,148629,0.0,0.0,606.3,18330.0,30498.8,59790.0,109225.1
2024-11-07,80027.0,418557.5,0.0,0.0,0.0,0.0,17.0,113.3,337.0,44.1,4797.0,5.6,29112.0,2.5,167423,0.0,0.0,1926.1,14861.7,26863.199999999997,72780.0,116431.0
2024-11-11,82603.0,413647.5,0.0,0.0,0.0,0.0,4.0,119.6,344.0,40.2,5096.0,5.1,30489.0,2.5,165459,0.0,0.0,478.4,13828.800000000001,25989.6,76222.5,116519.3
2024-11-14,86628.0,441105.0,0.0,0.0,0.0,0.0,8.0,166.9,308.0,54.2,5034.0,6.5,31034.0,2.5,176442,0.0,0.0,1335.2,16693.600000000002,32721.0,77585.0,128334.8
2024-11-18,90154.0,454490.0,0.0,0.0,0.0,0.0,17.0,68.4,447.0,29.4,6176.0,4.1,34433.0,2.5,181796,0.0,0.0,1162.8000000000002,13141.8,25321.6,86082.5,125708.7
2024-11-21,88764.0,445850.0,0.0,0.0,0.0,0.0,8.0,164.0,348.0,51.9,5129.0,6.2,31733.0,2.5,178340,0.0,0.0,1312.0,18061.2,31799.8,79332.5,130505.5
2024-11-25,98890.0,497587.5,0.0,0.0,0.0,0.0,11.0,58.5,605.0,25.4,7209.0,3.7,38694.0,2.5,199035,0.0,0.0,643.5,15367.0,26673.300000000003,96735.0,139418.8
2024-11-28,90071.0,459897.5,0.0,0.0,0.0,0.0,9.0,128.6,360.0,48.6,5393.0,6.1,32633.0,2.5,183959,0.0,0.0,1157.3999999999999,17496.0,32897.299999999996,81582.5,133133.2
2024-12-02,79131.0,404387.5,0.0,0.0,0.0,0.0,12.0,88.5,396.0,35.4,5080.0,5.0,29308.0,2.5,161755,0.0,0.0,1062.0,14018.4,25400.0,73270.0,113750.4
2024-12-05,75244.0,389080.0,0.0,0.0,0.0,0.0,10.0,86.6,347.0,35.9,5252.0,4.7,29271.0,2.5,155632,0.0,0.0,866.0,12457.3,24684.4,73177.5,111185.2
2024-12-09,74919.0,387480.0,0.0,0.0,0.0,0.0,7.0,99.3,297.0,41.8,4562.0,5.4,27186.0,2.5,154992,0.0,0.0,695.1,12414.599999999999,24634.800000000003,67965.0,105709.5
2024-12-12,74094.0,381902.5,0.0,0.0,0.0,0.0,8.0,90.0,412.0,31.3,5626.0,4.2,29488.0,2.5,152761,0.0,0.0,720.0,12895.6,23629.2,73720.0,110964.8
2024-12-16,76667.0,398382.5,0.0,0.0,0.0,0.0,4.0,110.3,334.0,35.7,4945.0,4.6,29122.0,2.5,159353,0.0,0.0,441.2,11923.800000000001,22747.0,72805.0,107917.0
2024-12-19,75529.0,392292.5,0.0,0.0,0.0,0.0,7.0,89.2,322.0,36.9,4971.0,4.5,29398.0,2.5,156917,0.0,0.0,624.4,11881.8,22369.5,73495.0,108370.7
2024-12-23,77750.0,409660.0,0.0,0.0,0.0,0.0,13.0,81.3,314.0,43.1,5038.0,5.5,29570.0,2.5,163864,0.0,0.0,1056.8999999999999,13533.4,27709.0,73925.0,116224.3
2024-12-26,71702.0,372597.5,0.0,0.0,0.0,0.0,9.0,93.9,455.0,37.7,5127.0,5.0,27590.0,2.5,149039,0.0,0.0,845.1,17153.5,25635.0,68975.0,112608.6
2024-12-30,79086.0,417345.0,0.0,0.0,0.0,0.0,6.0,72.7,394.0,33.4,5524.0,4.5,31237.0,2.5,166938,0.0,0.0,436.20000000000005,13159.599999999999,24858.0,78092.5,116546.3
2025-01-02,78357.0,406060.0,0.0,0.0,0.0,0.0,13.0,118.4,300.0,45.6,4715.0,5.8,28119.0,2.5,162424,0.0,0.0,1539.2,13680.0,27347.0,70297.5,112863.7
2025-01-06,78029.0,399627.5,0.0,0.0,0.0,0.0,4.0,135.6,306.0,46.2,4842.0,5.9,27644.0,2.5,159851,0.0,0.0,542.4,14137.2,28567.800000000003,69110.0,112357.4
2025-01-09,71759.0,363195.0,0.0,0.0,0.0,0.0,16.0,92.6,373.0,39.3,4913.0,5.2,26964.0,2.5,145278,0.0,0.0,1481.6,14658.9,25547.600000000002,67410.0,109098.1
2025-01-13,78248.0,396297.5,0.0,0.0,0.0,0.0,8.0,115.0,336.0,37.9,4883.0,4.9,29445.0,2.5,158519,0.0,0.0,920.0,12734.4,23926.7,73612.5,111193.6
2025-01-16,74066.0,373927.5,0.0,0.0,0.0,0.0,11.0,87.7,364.0,38.3,4967.0,5.2,27351.0,2.5,149571,0.0,0.0,964.7,13941.199999999999,25828.4,68377.5,109111.8
2025-01-20,83134.0,414690.0,0.0,0.0,0.0,0.0,7.0,108.7,363.0,41.4,5136.0,5.2,30347.0,2.5,165876,0.0,0.0,760.9,15028.199999999999,26707.2,75867.5,118363.8
2025-01-23,74458.0,372735.0,0.0,0.0,0.0,0.0,10.0,97.8,347.0,35.8,4915.0,4.6,27471.0,2.5,149094,0.0,0.0,978.0,12422.599999999999,22609.0,68677.5,104687.1
2025-01-27,81879.0,408890.0,0.0,0.0,0.0,0.0,9.0,93.1,409.0,37.2,5183.0,5.0,29998.0,2.5,163556,0.0,0.0,837.9,15214.800000000001,25915.0,74995.0,116962.7
2025-01-30,68109.0,348590.0,0.0,0.0,0.0,0.0,8.0,136.7,261.0,52.8,4145.0,6.3,24720.0,2.5,139436,0.0,0.0,1093.6,13780.8,26113.5,61800.0,102787.9
2025-02-03,68988.0,351950.0,0.0,0.0,0.0,0.0,7.0,110.1,311.0,36.8,4551.0,4.8,26416.0,2.5,140780,0.0,0.0,770.6999999999999,11444.8,21844.8,66040.0,100100.3
2025-02-06,67243.0,343532.5,0.0,0.0,0.0,0.0,10.0,95.8,313.0,40.7,4392.0,5.2,25099.0,2.5,137413,0.0,0.0,958.0,12739.1,22838.4,62747.5,99283.0
2025-02-10,67693.0,344232.5,0.0,0.0,0.0,0.0,6.0,113.1,336.0,50.7,4044.0,6.3,24487.0,2.5,137693,0.0,0.0,678.5999999999999,17035.2,25477.2,61217.5,104408.5
2025-02-13,65845.0,334445.0,0.0,0.0,0.0,0.0,2.0,153.5,239.0,51.9,3678.0,6.2,23298.0,2.5,133778,0.0,0.0,307.0,12404.1,22803.600000000002,58245.0,93759.70000000001
2025-02-17,70490.0,356562.5,0.0,0.0,0.0,0.0,13.0,129.1,245.0,53.0,3988.0,6.3,24926.0,2.5,142625,0.0,0.0,1678.3,12985.0,25124.399999999998,62315.0,102102.7
2025-02-20,67560.0,342622.5,0.0,0.0,0.0,0.0,7.0,82.7,343.0,35.9,4576.0,4.8,25168.0,2.5,137049,0.0,0.0,578.9,12313.699999999999,21964.8,62920.0,97777.4
2025-02-24,68251.0,347255.0,0.0,0.0,0.0,0.0,5.0,156.5,243.0,53.3,4003.0,6.6,23789.0,2.5,138902,0.0,0.0,782.5,12951.9,26419.8,59472.5,99626.7
2025-02-27,76056.0,389937.5,0.0,0.0,0.0,0.0,7.0,159.6,253.0,65.7,3929.0,7.6,25638.0,2.5,155975,0.0,0.0,1117.2,16622.100000000002,29860.399999999998,64095.0,111694.7
2025-03-03,72556.0,369535.0,0.0,0.0,0.0,0.0,10.0,101.3,342.0,41.9,4750.0,5.3,27635.0,2.5,147814,0.0,0.0,1013.0,14329.8,25175.0,69087.5,109605.3
2025-03-06,70862.0,359352.5,0.0,0.0,0.0,0.0,9.0,81.5,304.0,39.2,4439.0,5.1,26041.0,2.5,143741,0.0,0.0,733.5,11916.800000000001,22638.899999999998,65102.5,100391.7
2025-03-10,93488.0,459967.5,0.0,0.0,0.0,0.0,11.0,102.1,399.0,45.3,5619.0,5.5,33345.0,2.5,183987,0.0,0.0,1123.1,18074.699999999997,30904.5,83362.5,133464.8
2025-03-13,80405.0,405925.0,0.0,0.0,0.0,0.0,11.0,92.2,378.0,36.3,5386.0,4.8,29931.0,2.5,162370,0.0,0.0,1014.2,13721.4,25852.8,74827.5,115415.9
2025-03-17,81410.0,413890.0,0.0,0.0,0.0,0.0,9.0,137.1,356.0,46.6,4923.0,5.8,29406.0,2.5,165556,0.0,0.0,1233.8999999999999,16589.600000000002,28553.399999999998,73515.0,119891.9
2025-03-20,76376.0,389357.5,0.0,0.0,0.0,0.0,6.0,149.6,285.0,51.2,4302.0,6.3,26687.0,2.5,155743,0.0,0.0,897.5999999999999,14592.0,27102.6,66717.5,109309.7
2025-03-24,78508.0,404005.0,0.0,0.0,0.0,0.0,8.0,124.8,358.0,44.7,5299.0,5.3,30455.0,2.5,161602,0.0,0.0,998.4,16002.6,28084.7,76137.5,121223.2
2025-03-27,81643.0,421027.5,0.0,0.0,0.0,0.0,7.0,97.4,384.0,40.4,5358.0,5.4,30817.0,2.5,168411,0.0,0.0,681.8000000000001,15513.599999999999,28933.2,77042.5,122171.1
2025-03-31,90608.0,462590.0,0.0,0.0,0.0,0.0,8.0,119.9,384.0,49.4,5854.0,6.1,32984.0,2.5,185036,0.0,0.0,959.2,18969.6,35709.4,82460.0,138098.2
2025-04-03,83661.0,410200.0,0.0,0.0,0.0,0.0,14.0,76.2,344.0,31.5,5040.0,4.5,29153.0,2.5,164080,0.0,0.0,1066.8,10836.0,22680.0,72882.5,107465.3
2025-04-07,91536.0,427260.0,0.0,0.0,1.0,120000.0,9.0,87.3,367.0,38.0,5334.0,4.7,31371.0,2.5,170904,0.0,120000.0,785.6999999999999,13946.0,25069.8,78427.5,238229.0
2025-04-10,86399.0,406125.0,0.0,0.0,0.0,0.0,9.0,71.4,317.0,38.1,4745.0,5.4,28535.0,2.5,162450,0.0,0.0,642.6,12077.7,25623.0,71337.5,109680.8
2025-04-14,82301.0,392062.5,0.0,0.0,0.0,0.0,11.0,94.5,389.0,40.7,5075.0,5.4,28840.0,2.5,156825,0.0,0.0,1039.5,15832.300000000001,27405.0,72100.0,116376.8
2025-04-17,77055.0,374095.0,0.0,0.0,0.0,0.0,6.0,99.0,271.0,41.6,4504.0,5.6,26583.0,2.5,149638,0.0,0.0,594.0,11273.6,25222.399999999998,66457.5,103547.5
2025-04-21,72490.0,348007.5,0.0,0.0,0.0,0.0,5.0,181.6,207.0,61.9,3799.0,7.2,23374.0,2.5,139203,0.0,0.0,908.0,12813.3,27352.8,58435.0,99509.1
2025-04-24,75127.0,367710.0,0.0,0.0,0.0,0.0,7.0,117.2,315.0,41.7,4621.0,5.1,27018.0,2.5,147084,0.0,0.0,820.4,13135.5,23567.1,67545.0,105068.0
2025-04-28,78246.0,380655.0,0.0,0.0,0.0,0.0,3.0,102.9,305.0,48.0,4862.0,5.8,27190.0,2.5,152262,0.0,0.0,308.70000000000005,14640.0,28199.6,67975.0,111123.3
2025-05-01,65419.0,317475.0,1.0,7200000.0,0.0,0.0,8.0,81.2,320.0,33.5,4071.0,4.8,23493.0,2.5,126990,7200000.0,0.0,649.6,10720.0,19540.8,58732.5,7289642.899999999
2025-05-05,81106.0,413007.5,0.0,0.0,0.0,0.0,11.0,102.5,320.0,40.2,4956.0,5.4,29569.0,2.5,165203,0.0,0.0,1127.5,12864.0,26762.4,73922.5,114676.4
2025-05-08,75926.0,385047.5,0.0,0.0,0.0,0.0,9.0,143.3,255.0,59.2,4109.0,6.8,26048.0,2.5,154019,0.0,0.0,1289.7,15096.0,27941.2,65120.0,109446.9
2025-05-12,75771.0,383575.0,0.0,0.0,0.0,0.0,14.0,90.2,387.0,40.0,4946.0,5.1,28188.0,2.5,153430,0.0,0.0,1262.8,15480.0,25224.6,70470.0,112437.4
2025-05-15,72731.0,368482.5,0.0,0.0,0.0,0.0,6.0,144.3,312.0,48.5,4346.0,6.3,25286.0,2.5,147393,0.0,0.0,865.8000000000001,15132.0,27379.8,63215.0,106592.6
2025-05-19,89291.0,453660.0,0.0,0.0,0.0,0.0,6.0,129.1,368.0,51.3,5168.0,6.8,30488.0,2.5,181464,0.0,0.0,774.5999999999999,18878.399999999998,35142.4,76220.0,131015.4
2025-05-22,89238.0,451665.0,0.0,0.0,0.0,0.0,8.0,166.9,405.0,51.6,5264.0,6.5,31278.0,2.5,180666,0.0,0.0,1335.2,20898.0,34216.0,78195.0,134644.2
2025-05-26,92482.0,469172.5,0.0,0.0,0.0,0.0,11.0,119.2,382.0,44.9,5510.0,5.6,33177.0,2.5,187669,0.0,0.0,1311.2,17151.8,30855.999999999996,82942.5,132261.5
2025-05-29,87704.0,441035.0,0.0,0.0,0.0,0.0,9.0,151.4,302.0,48.7,5056.0,5.7,31922.0,2.5,176414,0.0,0.0,1362.6000000000001,14707.400000000001,28819.2,79805.0,124694.20000000001
2025-06-02,99684.0,507232.5,0.0,0.0,0.0,0.0,14.0,84.0,484.0,38.2,6659.0,5.1,36919.0,2.5,202893,0.0,0.0,1176.0,18488.800000000003,33960.899999999994,92297.5,145923.2
2025-06-05,98382.0,499592.5,0.0,0.0,0.0,0.0,5.0,118.0,394.0,44.4,5976.0,5.6,35966.0,2.5,199837,0.0,0.0,590.0,17493.6,33465.6,89915.0,141464.2
2025-06-09,92598.0,460570.0,0.0,0.0,0.0,0.0,18.0,68.8,508.0,31.6,6451.0,4.2,35443.0,2.5,184228,0.0,0.0,1238.3999999999999,16052.800000000001,27094.2,88607.5,132992.9
2025-06-12,88788.0,445982.5,0.0,0.0,0.0,0.0,7.0,100.0,391.0,40.1,5556.0,5.3,32353.0,2.5,178393,0.0,0.0,700.0,15679.1,29446.8,80882.5,126708.4
2025-06-16,95142.0,474652.5,0.0,0.0,0.0,0.0,11.0,87.1,433.0,40.2,5966.0,5.3,34117.0,2.5,189861,0.0,0.0,958.0999999999999,17406.600000000002,31619.8,85292.5,135277.0
2025-06-19,80591.0,403980.0,0.0,0.0,0.0,0.0,9.0,80.2,415.0,35.0,5325.0,4.6,29943.0,2.5,161592,0.0,0.0,721.8000000000001,14525.0,24494.999999999996,74857.5,114599.29999999999
2025-06-23,73159.0,370692.5,0.0,0.0,0.0,0.0,8.0,94.7,348.0,40.6,4832.0,5.4,26859.0,2.5,148277,0.0,0.0,757.6,14128.800000000001,26092.800000000003,67147.5,108126.70000000001
2025-06-26,71768.0,362895.0,0.0,0.0,0.0,0.0,10.0,73.6,389.0,30.7,4927.0,4.2,27686.0,2.5,145158,0.0,0.0,736.0,11942.3,20693.4,69215.0,102586.7
2025-06-30,75607.0,383277.5,0.0,0.0,0.0,0.0,8.0,146.0,311.0,47.0,4501.0,5.7,27217.0,2.5,153311,0.0,0.0,1168.0,14617.0,25655.7,68042.5,109483.2
2025-07-03,72486.0,368160.0,0.0,0.0,0.0,0.0,8.0,137.3,336.0,48.6,4374.0,5.9,26301.0,2.5,147264,0.0,0.0,1098.4,16329.6,25806.600000000002,65752.5,108987.1
2025-07-07,74321.0,374490.0,1.0,7200000.0,0.0,0.0,10.0,74.8,345.0,34.3,4763.0,4.8,27266.0,2.5,149796,7200000.0,0.0,748.0,11833.499999999998,22862.399999999998,68165.0,7303608.9
2025-07-10,78856.0,399320.0,0.0,0.0,0.0,0.0,14.0,103.7,377.0,33.2,5593.0,4.5,30781.0,2.5,159728,0.0,0.0,1451.8,12516.400000000001,25168.5,76952.5,116089.2
2025-07-14,86048.0,432212.5,0.0,0.0,0.0,0.0,10.0,95.0,353.0,44.1,5270.0,5.6,30882.0,2.5,172885,0.0,0.0,950.0,15567.300000000001,29511.999999999996,77205.0,123234.3
2025-07-17,82301.0,416030.0,0.0,0.0,0.0,0.0,15.0,81.8,422.0,37.5,5739.0,5.0,31403.0,2.5,166412,0.0,0.0,1227.0,15825.0,28695.0,78507.5,124254.5
2025-07-21,78507.0,387955.0,0.0,0.0,0.0,0.0,8.0,79.9,441.0,31.3,5485.0,4.5,29678.0,2.5,155182,0.0,0.0,639.2,13803.300000000001,24682.5,74195.0,113320.0
2025-07-24,81747.0,408450.0,0.0,0.0,0.0,0.0,4.0,135.5,326.0,47.2,4840.0,6.0,28823.0,2.5,163380,0.0,0.0,542.0,15387.2,29040.0,72057.5,117026.7
2025-07-28,82555.0,413087.5,0.0,0.0,0.0,0.0,8.0,93.0,347.0,42.3,5013.0,5.5,30074.0,2.5,165235,0.0,0.0,744.0,14678.099999999999,27571.5,75185.0,118178.6
2025-07-31,79784.0,402692.5,0.0,0.0,0.0,0.0,12.0,86.5,384.0,38.2,5039.0,5.3,28654.0,2.5,161077,0.0,0.0,1038.0,14668.800000000001,26706.7,71635.0,114048.5
2025-08-04,84643.0,424067.5,0.0,0.0,0.0,0.0,7.0,135.6,308.0,38.5,5446.0,4.6,31246.0,2.5,169627,0.0,0.0,949.1999999999999,11858.0,25051.6,78115.0,115973.8
2025-08-07,84178.0,422377.5,0.0,0.0,0.0,0.0,11.0,108.3,357.0,42.6,5155.0,5.5,30054.0,2.5,168951,0.0,0.0,1191.3,15208.2,28352.5,75135.0,119887.0
2025-08-11,89109.0,447432.5,0.0,0.0,1.0,120000.0,11.0,103.0,469.0,41.4,6105.0,5.2,33316.0,2.5,178973,0.0,120000.0,1133.0,19416.6,31746.0,83290.0,255585.6
2025-08-14,88693.0,446337.5,0.0,0.0,0.0,0.0,3.0,145.5,328.0,52.4,5033.0,6.0,31478.0,2.5,178535,0.0,0.0,436.5,17187.2,30198.0,78695.0,126516.7
2025-08-18,81310.0,398815.0,0.0,0.0,0.0,0.0,9.0,151.8,295.0,64.5,4131.0,7.9,25503.0,2.5,159526,0.0,0.0,1366.2,19027.5,32634.9,63757.5,116786.1
2025-08-21,82711.0,416625.0,0.0,0.0,0.0,0.0,3.0,109.3,337.0,46.9,4692.0,5.9,29092.0,2.5,166650,0.0,0.0,327.9,15805.3,27682.800000000003,72730.0,116546.0
2025-08-25,78410.0,393952.5,0.0,0.0,0.0,0.0,4.0,191.8,304.0,52.6,4551.0,6.4,27381.0,2.5,157581,0.0,0.0,767.2,15990.4,29126.4,68452.5,114336.5
2025-08-28,79479.0,402407.5,0.0,0.0,0.0,0.0,8.0,132.4,317.0,41.5,4982.0,4.8,30077.0,2.5,160963,0.0,0.0,1059.2,13155.5,23913.6,75192.5,113320.8
2025-09-01,84986.0,428047.5,0.0,0.0,0.0,0.0,7.0,162.8,272.0,58.4,4514.0,6.8,28847.0,2.5,171219,0.0,0.0,1139.6000000000001,15884.8,30695.2,72117.5,119837.1
2025-09-04,79839.0,403000.0,0.0,0.0,0.0,0.0,9.0,116.7,337.0,44.1,5145.0,5.4,29586.0,2.5,161200,0.0,0.0,1050.3,14861.7,27783.000000000004,73965.0,117660.0
2025-09-08,79949.0,406077.5,0.0,0.0,0.0,0.0,10.0,102.2,355.0,36.1,5343.0,4.9,29944.0,2.5,162431,0.0,0.0,1022.0,12815.5,26180.7,74860.0,114878.2
2025-09-11,75302.0,379882.5,0.0,0.0,0.0,0.0,7.0,128.2,317.0,41.2,4901.0,5.0,27481.0,2.5,151953,0.0,0.0,897.3999999999999,13060.400000000001,24505.0,68702.5,107165.3
2025-09-15,76396.0,383667.5,0.0,0.0,0.0,0.0,5.0,83.7,361.0,33.0,4963.0,4.6,28194.0,2.5,153467,0.0,0.0,418.5,11913.0,22829.8,70485.0,105646.3
2025-09-18,72796.0,364020.0,0.0,0.0,0.0,0.0,5.0,149.3,286.0,53.7,4091.0,6.9,24509.0,2.5,145608,0.0,0.0,746.5,15358.2,28227.9,61272.5,105605.1
2025-09-22,74469.0,373337.5,0.0,0.0,0.0,0.0,15.0,80.5,344.0,39.3,4826.0,5.2,26871.0,2.5,149335,0.0,0.0,1207.5,13519.199999999999,25095.2,67177.5,106999.4
2025-09-25,74337.0,375585.0,0.0,0.0,0.0,0.0,9.0,66.2,414.0,32.9,5355.0,4.5,28218.0,2.5,150234,0.0,0.0,595.8000000000001,13620.599999999999,24097.5,70545.0,108858.9
2025-09-29,85786.0,444195.0,0.0,0.0,0.0,0.0,4.0,132.3,323.0,44.5,5128.0,5.4,31068.0,2.5,177678,0.0,0.0,529.2,14373.5,27691.2,77670.0,120263.9
2025-10-02,135043.0,784005.0,0.0,0.0,0.0,0.0,27.0,363.2,900.0,23.9,10913.0,3.9,60521.0,2.5,313602,0.0,0.0,9806.4,21510.0,42560.7,151302.5,225179.6
2025-10-06,153776.0,888825.0,0.0,0.0,0.0,0.0,18.0,668.1,678.0,44.7,10508.0,6.2,62843.0,2.5,355530,0.0,0.0,12025.800000000001,30306.600000000002,65149.6,157107.5,264589.5
2025-10-09,144112.0,842507.5,0.0,0.0,0.0,0.0,19.0,474.5,866.0,32.0,10948.0,4.8,62310.0,2.5,337003,0.0,0.0,9015.5,27712.0,52550.4,155775.0,245052.9
2025-10-13,140596.0,805455.0,0.0,0.0,0.0,0.0,21.0,412.0,796.0,28.6,10187.0,4.5,58830.0,2.5,322182,0.0,0.0,8652.0,22765.600000000002,45841.5,147075.0,224334.1
2025-10-16,126465.0,722492.5,0.0,0.0,0.0,0.0,11.0,758.7,552.0,42.3,8541.0,5.7,51419.0,2.5,288997,0.0,0.0,8345.7,23349.6,48683.700000000004,128547.5,208926.5
2025-10-20,126167.0,710350.0,0.0,0.0,0.0,0.0,14.0,471.7,568.0,34.4,8507.0,5.2,50290.0,2.5,284140,0.0,0.0,6603.8,19539.2,44236.4,125725.0,196104.4
2025-10-23,117551.0,655487.5,0.0,0.0,0.0,0.0,18.0,474.7,531.0,31.7,8280.0,4.7,48467.0,2.5,262195,0.0,0.0,8544.6,16832.7,38916.0,121167.5,185460.8
2025-10-27,122414.0,683217.5,0.0,0.0,0.0,0.0,17.0,535.3,636.0,34.0,9325.0,4.7,50866.0,2.5,273287,0.0,0.0,9100.099999999999,21624.0,43827.5,127165.0,201716.6
2025-10-30,116353.0,655410.0,0.0,0.0,0.0,0.0,16.0,389.8,598.0,31.9,7976.0,5.0,46604.0,2.5,262164,0.0,0.0,6236.8,19076.2,39880.0,116510.0,181703.0
2025-11-03,119853.0,661452.5,0.0,0.0,0.0,0.0,18.0,451.2,615.0,30.2,8995.0,4.6,49447.0,2.5,264581,0.0,0.0,8121.599999999999,18573.0,41377.0,123617.5,191689.1
2025-11-06,117862.0,655215.0,0.0,0.0,0.0,0.0,8.0,576.2,490.0,38.1,7468.0,5.3,46394.0,2.5,262086,0.0,0.0,4609.6,18669.0,39580.4,115985.0,178844.0
2025-11-10,114422.0,626782.5,0.0,0.0,0.0,0.0,23.0,293.7,734.0,27.9,8619.0,4.3,47235.0,2.5,250713,0.0,0.0,6755.099999999999,20478.6,37061.7,118087.5,182382.9
2025-11-13,103453.0,560335.0,0.0,0.0,1.0,120000.0,10.0,468.4,445.0,30.1,7129.0,4.2,41872.0,2.5,224134,0.0,120000.0,4684.0,13394.5,29941.800000000003,104680.0,272700.3
2025-11-17,111186.0,602472.5,0.0,0.0,0.0,0.0,27.0,243.6,708.0,26.7,8141.0,4.5,44902.0,2.5,240989,0.0,0.0,6577.2,18903.6,36634.5,112255.0,174370.3
2025-11-20,102991.0,554072.5,0.0,0.0,0.0,0.0,15.0,482.1,461.0,30.9,7066.0,4.7,41597.0,2.5,221629,0.0,0.0,7231.5,14244.9,33210.200000000004,103992.5,158679.1
2025-11-24,107379.0,582400.0,0.0,0.0,0.0,0.0,10.0,500.3,500.0,31.8,7228.0,4.7,41537.0,2.5,232960,0.0,0.0,5003.0,15900.0,33971.6,103842.5,158717.1
2025-11-27,104002.0,564922.5,0.0,0.0,0.0,0.0,14.0,622.3,466.0,39.6,6738.0,5.5,40341.0,2.5,225969,0.0,0.0,8712.199999999999,18453.600000000002,37059.0,100852.5,165077.3
2025-12-01,116275.0,634175.0,0.0,0.0,0.0,0.0,19.0,351.4,632.0,29.5,8400.0,4.5,46463.0,2.5,253670,0.0,0.0,6676.599999999999,18644.0,37800.0,116157.5,179278.1
2025-12-04,107061.0,580047.5,0.0,0.0,0.0,0.0,13.0,809.0,488.0,47.0,6583.0,6.5,40007.0,2.5,232019,0.0,0.0,10517.0,22936.0,42789.5,100017.5,176260.0
2025-12-08,109505.0,590837.5,0.0,0.0,0.0,0.0,23.0,269.4,658.0,20.0,8723.0,3.3,46693.0,2.5,236335,0.0,0.0,6196.2,13160.0,28785.899999999998,116732.5,164874.6
2025-12-11,104687.0,565907.5,0.0,0.0,0.0,0.0,9.0,557.2,523.0,36.2,7215.0,5.2,40610.0,2.5,226363,0.0,0.0,5014.8,18932.600000000002,37518.0,101525.0,162990.4
2025-12-15,102403.0,553822.5,0.0,0.0,0.0,0.0,11.0,517.6,454.0,35.8,6496.0,5.0,40308.0,2.5,221529,0.0,0.0,5693.6,16253.199999999999,32480.0,100770.0,155196.8
2025-12-18,98668.0,534742.5,0.0,0.0,0.0,0.0,17.0,325.8,574.0,24.3,7593.0,3.7,41969.0,2.5,213897,0.0,0.0,5538.6,13948.2,28094.100000000002,104922.5,152503.40000000002
2025-12-22,105085.0,573732.5,0.0,0.0,0.0,0.0,8.0,625.8,426.0,37.4,6802.0,5.4,40776.0,2.5,229493,0.0,0.0,5006.4,15932.4,36730.8,101940.0,159609.6
2025-12-25,94716.0,514490.0,0.0,0.0,0.0,0.0,10.0,523.5,388.0,34.1,6289.0,4.6,38325.0,2.5,205796,0.0,0.0,5235.0,13230.800000000001,28929.399999999998,95812.5,143207.7
2025-12-29,106479.0,579917.5,0.0,0.0,0.0,0.0,8.0,370.2,480.0,30.4,7482.0,4.5,42594.0,2.5,231967,0.0,0.0,2961.6,14592.0,33669.0,106485.0,157707.6
2026-01-01,102787.0,559780.0,0.0,0.0,0.0,0.0,11.0,434.6,533.0,31.7,7218.0,4.8,40826.0,2.5,223912,0.0,0.0,4780.6,16896.1,34646.4,102065.0,158388.1
2026-01-05,104373.0,557605.0,0.0,0.0,0.0,0.0,8.0,633.1,560.0,40.5,6992.0,5.8,40462.0,2.5,223042,0.0,0.0,5064.8,22680.0,40553.6,101155.0,169453.4
2026-01-08,99546.0,535647.5,0.0,0.0,0.0,0.0,4.0,589.2,386.0,38.9,6145.0,5.6,37115.0,2.5,214259,0.0,0.0,2356.8,15015.4,34412.0,92787.5,144571.7
2026-01-12,98987.0,528955.0,0.0,0.0,0.0,0.0,17.0,324.0,532.0,27.4,7134.0,4.3,39593.0,2.5,211582,0.0,0.0,5508.0,14576.8,30676.199999999997,98982.5,149743.5
2026-01-15,92434.0,491170.0,0.0,0.0,0.0,0.0,12.0,602.1,443.0,35.1,6308.0,5.1,35207.0,2.5,196468,0.0,0.0,7225.200000000001,15549.300000000001,32170.8,88017.5,142962.8
2026-01-19,98034.0,520432.5,0.0,0.0,0.0,0.0,13.0,504.8,479.0,32.1,6379.0,4.8,37417.0,2.5,208173,0.0,0.0,6562.400000000001,15375.900000000001,30619.199999999997,93542.5,146100.0
2026-01-22,91613.0,482322.5,0.0,0.0,0.0,0.0,10.0,357.7,463.0,25.8,6305.0,4.1,36036.0,2.5,192929,0.0,0.0,3577.0,11945.4,25850.499999999996,90090.0,131462.9
2026-01-26,100384.0,529997.5,0.0,0.0,0.0,0.0,16.0,541.9,475.0,40.8,6327.0,5.7,36780.0,2.5,211999,0.0,0.0,8670.4,19380.0,36063.9,91950.0,156064.3
2026-01-29,91902.0,486675.0,0.0,0.0,0.0,0.0,6.0,532.6,386.0,35.7,6044.0,4.8,35964.0,2.5,194670,0.0,0.0,3195.6000000000004,13780.2,29011.2,89910.0,135897.0
2026-02-02,99065.0,533940.0,0.0,0.0,0.0,0.0,8.0,593.4,449.0,34.5,6458.0,4.9,38620.0,2.5,213576,0.0,0.0,4747.2,15490.5,31644.2,96550.0,148431.9
2026-02-05,96625.0,516067.5,0.0,0.0,0.0,0.0,14.0,677.1,440.0,39.4,6533.0,5.5,38278.0,2.5,206427,0.0,0.0,9479.4,17336.0,35931.5,95695.0,158441.9
2026-02-09,99190.0,528362.5,0.0,0.0,0.0,0.0,14.0,291.2,497.0,27.8,6885.0,4.4,38754.0,2.5,211345,0.0,0.0,4076.7999999999997,13816.6,30294.000000000004,96885.0,145072.40000000002
2026-02-12,95743.0,505755.0,0.0,0.0,0.0,0.0,6.0,839.6,408.0,48.3,5593.0,6.4,34207.0,2.5,202302,0.0,0.0,5037.6,19706.399999999998,35795.200000000004,85517.5,146056.7
2026-02-16,101500.0,536950.0,0.0,0.0,0.0,0.0,19.0,369.2,526.0,29.6,6976.0,4.6,39593.0,2.5,214780,0.0,0.0,7014.8,15569.6,32089.6,98982.5,153656.5
2026-02-19,92710.0,486540.0,0.0,0.0,0.0,0.0,5.0,723.3,358.0,46.2,5488.0,6.0,35097.0,2.5,194616,0.0,0.0,3616.5,16539.600000000002,32928.0,87742.5,140826.6
2026-02-23,102844.0,542637.5,0.0,0.0,0.0,0.0,14.0,406.0,462.0,32.7,6880.0,4.7,39123.0,2.5,217055,0.0,0.0,5684.0,15107.400000000001,32336.0,97807.5,150934.9
2026-02-26,94976.0,499617.5,0.0,0.0,0.0,0.0,13.0,532.6,417.0,34.5,6432.0,4.8,36776.0,2.5,199847,0.0,0.0,6923.8,14386.5,30873.6,91940.0,144123.9
2026-03-02,95887.0,506380.0,0.0,0.0,0.0,0.0,6.0,564.0,416.0,34.8,6388.0,5.0,36630.0,2.5,202552,0.0,0.0,3384.0,14476.8,31940.0,91575.0,141375.8
2026-03-05,93735.0,494390.0,0.0,0.0,0.0,0.0,15.0,586.5,389.0,43.4,5843.0,6.1,34137.0,2.5,197756,0.0,0.0,8797.5,16882.6,35642.299999999996,85342.5,146664.9
2026-03-09,93611.0,493380.0,0.0,0.0,0.0,0.0,13.0,723.7,350.0,52.7,5022.0,7.3,31845.0,2.5,197352,0.0,0.0,9408.1,18445.0,36660.6,79612.5,144126.2
2026-03-12,90232.0,475110.0,0.0,0.0,0.0,0.0,5.0,724.1,351.0,44.8,5574.0,6.0,33282.0,2.5,190044,0.0,0.0,3620.5,15724.8,33444.0,83205.0,135994.3
2026-03-16,95410.0,498795.0,0.0,0.0,0.0,0.0,6.0,684.3,365.0,43.6,5550.0,6.2,34223.0,2.5,199518,0.0,0.0,4105.799999999999,15914.0,34410.0,85557.5,139987.3
2026-03-19,86024.0,445317.5,0.0,0.0,0.0,0.0,18.0,524.6,337.0,34.9,5202.0,5.1,32011.0,2.5,178127,0.0,0.0,9442.800000000001,11761.3,26530.199999999997,80027.5,127761.79999999999
2026-03-23,87685.0,458185.0,0.0,0.0,0.0,0.0,14.0,422.2,384.0,29.7,5925.0,4.6,33098.0,2.5,183274,0.0,0.0,5910.8,11404.8,27254.999999999996,82745.0,127315.59999999999
2026-03-26,84322.0,440877.5,0.0,0.0,0.0,0.0,6.0,990.5,336.0,47.9,4739.0,6.6,29561.0,2.5,176351,0.0,0.0,5943.0,16094.4,31277.399999999998,73902.5,127217.3
2026-03-30,88498.0,466767.5,0.0,0.0,0.0,0.0,9.0,481.8,428.0,32.6,5895.0,4.9,34000.0,2.5,186707,0.0,0.0,4336.2,13952.800000000001,28885.500000000004,85000.0,132174.5
2026-04-02,107024.0,573915.0,0.0,0.0,0.0,0.0,14.0,472.4,542.0,30.9,7886.0,4.6,43051.0,2.5,229566,0.0,0.0,6613.599999999999,16747.8,36275.6,107627.5,167264.5
2026-04-06,91938.0,464435.0,0.0,0.0,0.0,0.0,16.0,559.8,362.0,36.1,5786.0,5.1,33301.0,2.5,185774,0.0,0.0,8956.8,13068.2,29508.6,83252.5,134786.1
2026-04-09,95989.0,475355.0,0.0,0.0,0.0,0.0,17.0,291.8,548.0,21.2,7351.0,3.4,37554.0,2.5,190142,0.0,0.0,4960.6,11617.6,24993.399999999998,93885.0,135456.6
2026-04-13,90372.0,438157.5,0.0,0.0,0.0,0.0,17.0,400.0,418.0,28.8,5792.0,4.4,32550.0,2.5,175263,0.0,0.0,6800.0,12038.4,25484.800000000003,81375.0,125698.20000000001
2026-04-16,85937.0,420922.5,0.0,0.0,0.0,0.0,5.0,728.5,251.0,43.5,4799.0,5.6,30486.0,2.5,168369,0.0,0.0,3642.5,10918.5,26874.399999999998,76215.0,117650.4
2026-04-20,87201.0,427247.5,0.0,0.0,0.0,0.0,10.0,314.9,401.0,26.6,5615.0,4.3,31642.0,2.5,170899,0.0,0.0,3149.0,10666.6,24144.5,79105.0,117065.1
2026-04-23,87461.0,424227.5,0.0,0.0,1.0,120000.0,15.0,268.0,531.0,19.2,6549.0,3.2,33789.0,2.5,169691,0.0,120000.0,4020.0,10195.199999999999,20956.800000000003,84472.5,239644.5
2026-04-27,85600.0,421270.0,0.0,0.0,0.0,0.0,6.0,552.5,335.0,40.3,4971.0,5.8,29901.0,2.5,168508,0.0,0.0,3315.0,13500.499999999998,28831.8,74752.5,120399.8
2026-04-30,86477.0,434280.0,0.0,0.0,0.0,0.0,10.0,300.0,496.0,20.8,6289.0,3.5,33143.0,2.5,173712,0.0,0.0,3000.0,10316.800000000001,22011.5,82857.5,118185.8
2026-05-04,73657.0,367535.0,0.0,0.0,0.0,0.0,6.0,573.4,357.0,37.9,4573.0,5.7,26241.0,2.5,147014,0.0,0.0,3440.3999999999996,13530.3,26066.100000000002,65602.5,108639.3
2026-05-07,84935.0,434622.5,0.0,0.0,0.0,0.0,7.0,474.3,346.0,34.6,5149.0,5.1,30856.0,2.5,173849,0.0,0.0,3320.1,11971.6,26259.899999999998,77140.0,118691.6
2026-05-11,79695.0,403072.5,0.0,0.0,0.0,0.0,7.0,555.9,327.0,38.7,4846.0,5.5,28960.0,2.5,161229,0.0,0.0,3891.2999999999997,12654.900000000001,26653.0,72400.0,115599.2
2026-05-14,72239.0,360935.0,0.0,0.0,0.0,0.0,20.0,224.2,501.0,17.4,5903.0,3.0,28577.0,2.5,144374,0.0,0.0,4484.0,8717.4,17709.0,71442.5,102352.9
2026-05-18,78832.0,400630.0,0.0,0.0,0.0,0.0,5.0,515.1,329.0,32.6,5189.0,4.5,30176.0,2.5,160252,0.0,0.0,2575.5,10725.4,23350.5,75440.0,112091.4
2026-05-21,74736.0,378032.5,0.0,0.0,1.0,120000.0,10.0,498.6,283.0,41.4,4482.0,5.7,26636.0,2.5,151213,0.0,120000.0,4986.0,11716.199999999999,25547.4,66590.0,228839.6
2026-05-25,72367.0,361877.5,0.0,0.0,0.0,0.0,16.0,285.7,397.0,25.6,5017.0,4.1,27092.0,2.5,144751,0.0,0.0,4571.2,10163.2,20569.699999999997,67730.0,103034.1
2026-05-28,78159.0,400167.5,0.0,0.0,0.0,0.0,6.0,499.2,320.0,34.7,4916.0,4.8,28769.0,2.5,160067,0.0,0.0,2995.2,11104.0,23596.8,71922.5,109618.5
2026-06-01,80924.0,415000.0,0.0,0.0,0.0,0.0,9.0,616.2,372.0,37.9,4755.0,5.9,28757.0,2.5,166000,0.0,0.0,5545.8,14098.8,28054.5,71892.5,119591.6
2026-06-04,82419.0,420622.5,0.0,0.0,0.0,0.0,12.0,473.9,321.0,37.9,4887.0,5.4,29314.0,2.5,168249,0.0,0.0,5686.799999999999,12165.9,26389.800000000003,73285.0,117527.5
2026-06-08,86233.0,438122.5,0.0,0.0,0.0,0.0,8.0,482.8,377.0,34.2,5655.0,4.9,31971.0,2.5,175249,0.0,0.0,3862.4,12893.400000000001,27709.500000000004,79927.5,124392.8
2026-06-11,84236.0,430892.5,0.0,0.0,0.0,0.0,8.0,562.8,334.0,38.5,4969.0,5.5,29892.0,2.5,172357,0.0,0.0,4502.4,12859.0,27329.5,74730.0,119420.9
2026-06-15,78838.0,398535.0,0.0,0.0,0.0,0.0,7.0,464.7,357.0,32.5,5021.0,4.8,29579.0,2.5,159414,0.0,0.0,3252.9,11602.5,24100.8,73947.5,112903.7
2026-06-18,72849.0,368585.0,0.0,0.0,0.0,0.0,5.0,523.3,350.0,32.1,4932.0,4.6,28427.0,2.5,147434,0.0,0.0,2616.5,11235.0,22687.199999999997,71067.5,107606.2
2026-06-22,72596.0,365362.5,0.0,0.0,0.0,0.0,8.0,571.8,334.0,39.6,4478.0,5.5,26386.0,2.5,146145,0.0,0.0,4574.4,13226.4,24629.0,65965.0,108394.8
2026-06-25,69388.0,350442.5,0.0,0.0,0.0,0.0,3.0,748.5,319.0,38.2,4234.0,5.3,25353.0,2.5,140177,0.0,0.0,2245.5,12185.800000000001,22440.2,63382.5,100254.0
2026-06-29,72069.0,365935.0,0.0,0.0,0.0,0.0,9.0,508.9,283.0,33.9,4721.0,4.9,27645.0,2.5,146374,0.0,0.0,4580.099999999999,9593.699999999999,23132.9,69112.5,106419.2
2026-07-02,72457.0,367267.5,0.0,0.0,0.0,0.0,9.0,434.1,353.0,31.2,4689.0,4.7,27120.0,2.5,146907,0.0,0.0,3906.9,11013.6,22038.3,67800.0,104758.8
2026-07-06,75896.0,382632.5,0.0,0.0,0.0,0.0,6.0,397.1,356.0,29.0,5238.0,4.1,29535.0,2.5,153053,0.0,0.0,2382.6000000000004,10324.0,21475.8,73837.5,108019.9
2026-07-09,72796.0,364875.0,0.0,0.0,0.0,0.0,4.0,493.4,314.0,33.9,4316.0,5.1,25431.0,2.5,145950,0.0,0.0,1973.6,10644.6,22011.6,63577.5,98207.3
2026-07-13,74762.0,375195.0,0.0,0.0,0.0,0.0,7.0,365.5,380.0,23.9,5110.0,3.8,28900.0,2.5,150078,0.0,0.0,2558.5,9082.0,19418.0,72250.0,103308.5
2026-07-16,71573.0,357945.0,0.0,0.0,0.0,0.0,6.0,680.5,309.0,34.9,4404.0,5.2,25717.0,2.5,143178,0.0,0.0,4083.0,10784.1,22900.8,64292.5,102060.4
2026-07-20,71411.0,356230.0,0.0,0.0,0.0,0.0,13.0,440.9,429.0,30.8,4995.0,4.5,26818.0,2.5,142492,0.0,0.0,5731.7,13213.2,22477.5,67045.0,108467.4
2026-07-23,66916.0,329220.0,0.0,0.0,0.0,0.0,10.0,441.1,295.0,33.7,4183.0,4.7,23895.0,2.5,131688,0.0,0.0,4411.0,9941.5,19660.100000000002,59737.5,93750.1
2026-07-27,72877.0,363907.5,0.0,0.0,0.0,0.0,7.0,425.9,333.0,30.0,4645.0,4.5,26449.0,2.5,145563,0.0,0.0,2981.2999999999997,9990.0,20902.5,66122.5,99996.3
2026-07-30,70983.0,353470.0,0.0,0.0,0.0,0.0,8.0,404.0,336.0,32.0,4540.0,5.0,25493.0,2.5,141388,0.0,0.0,3232.0,10752.0,22700.0,63732.5,100416.5
2026-08-03,73679.0,365930.0,0.0,0.0,0.0,0.0,11.0,473.9,304.0,31.6,4528.0,4.6,27007.0,2.5,146372,0.0,0.0,5212.9,9606.4,20828.8,67517.5,103165.6
2026-08-06,80216.0,401747.5,0.0,0.0,0.0,0.0,9.0,518.6,338.0,29.6,4957.0,4.6,29377.0,2.5,160699,0.0,0.0,4667.400000000001,10004.800000000001,22802.199999999997,73442.5,110916.9
2026-08-10,79328.0,398272.5,0.0,0.0,0.0,0.0,4.0,397.2,347.0,27.5,5256.0,4.0,29899.0,2.5,159309,0.0,0.0,1588.8,9542.5,21024.0,74747.5,106902.8
2026-08-13,74511.0,372275.0,0.0,0.0,0.0,0.0,16.0,364.5,423.0,31.6,5165.0,5.0,27027.0,2.5,148910,0.0,0.0,5832.0,13366.800000000001,25825.0,67567.5,112591.3
2026-08-17,73315.0,363880.0,0.0,0.0,1.0,120000.0,10.0,452.4,365.0,28.4,5251.0,4.3,27987.0,2.5,145552,0.0,120000.0,4524.0,10366.0,22579.3,69967.5,227436.8
2026-08-20,72706.0,360475.0,0.0,0.0,0.0,0.0,6.0,584.3,268.0,39.4,4391.0,5.2,26689.0,2.5,144190,0.0,0.0,3505.7999999999997,10559.199999999999,22833.2,66722.5,103620.7
2026-08-24,73420.0,367580.0,0.0,0.0,0.0,0.0,14.0,289.6,394.0,24.7,5258.0,4.0,28041.0,2.5,147032,0.0,0.0,4054.4000000000005,9731.8,21032.0,70102.5,104920.7
2026-08-27,71847.0,358685.0,0.0,0.0,0.0,0.0,6.0,670.0,311.0,43.6,4439.0,5.9,25624.0,2.5,143474,0.0,0.0,4020.0,13559.6,26190.100000000002,64060.0,107829.7
2026-08-31,75861.0,380600.0,0.0,0.0,0.0,0.0,9.0,602.4,240.0,42.0,4121.0,6.0,26120.0,2.5,152240,0.0,0.0,5421.599999999999,10080.0,24726.0,65300.0,105527.6
2026-09-03,72601.0,362985.0,0.0,0.0,0.0,0.0,11.0,381.8,398.0,28.0,4677.0,4.5,26681.0,2.5,145194,0.0,0.0,4199.8,11144.0,21046.5,66702.5,103092.8
2026-09-07,75186.0,375197.5,0.0,0.0,0.0,0.0,6.0,567.4,290.0,37.4,4435.0,5.1,27272.0,2.5,150079,0.0,0.0,3404.3999999999996,10846.0,22618.5,68180.0,105048.9
