Date,Joueurs,Mise,P-R1,W-R1,P-R2,W-R2,P-R3,W-R3,P-R4,W-R4,P-R5,W-R5,P-R6,W-R6,fichier,grilles,jour,an,pool1,pool2,pool3,pool4,pool5,pool6,payout,mois,z3,z4,z5
2023-11-06,251269.0,1529565.0,0.0,0.0,0.0,0.0,31.0,107.5,1364.0,42.0,18891.0,5.3,109250.0,2.5,2023,611826,0,2023,0.0,0.0,3332.5,57288.0,100122.3,273125.0,433867.8,11,-0.2660325112287818,0.6198022682893135,-1.3654128747809773
2023-11-09,192647.0,1090802.5,0.0,0.0,0.0,0.0,17.0,173.9,871.0,56.6,12551.0,6.7,75352.0,2.5,2023,436321,3,2023,0.0,0.0,2956.3,49298.6,84091.7,188380.0,324726.6,11,-1.285320552353592,-2.769439024829172,-9.175636531361496
2023-11-13,171991.0,965242.5,0.0,0.0,0.0,0.0,12.0,150.1,707.0,52.0,10748.0,6.3,66358.0,2.5,2023,386097,0,2023,0.0,0.0,1801.1999999999998,36764.0,67712.4,165895.0,272172.6,11,-1.8808964300739897,-4.798456047817333,-11.94894598922905
2023-11-16,175695.0,992552.5,0.0,0.0,0.0,0.0,24.0,57.9,949.0,26.0,13684.0,3.8,75155.0,2.5,2023,397021,3,2023,0.0,0.0,1389.6,24674.0,51999.2,187887.5,265950.3,11,0.63119780011089,2.6670491278126214,11.9160104630879
2023-11-20,180129.0,953802.5,0.0,0.0,0.0,0.0,18.0,87.7,777.0,34.7,11638.0,4.7,68322.0,2.5,2023,381521,0,2023,0.0,0.0,1578.6000000000001,26961.9,54698.6,170805.0,254044.1,11,-0.5056465559638014,-2.0568358044601793,-2.400997811863578
2023-11-23,171234.0,919200.0,0.0,0.0,0.0,0.0,14.0,135.4,775.0,42.7,11294.0,5.5,66255.0,2.5,2023,367680,3,2023,0.0,0.0,1895.6000000000001,33092.5,62117.0,165637.5,262742.6,11,-1.2535530239413202,-1.0957664387423443,-1.61494270639869
2023-11-27,145162.0,801177.5,0.0,0.0,0.0,0.0,14.0,114.1,715.0,46.4,9524.0,5.9,55969.0,2.5,2023,320471,0,2023,0.0,0.0,1597.3999999999999,33176.0,56191.600000000006,139922.5,230887.5,11,-0.7347421721260143,0.46913878565248246,-4.758881616599459
2023-11-30,153911.0,853492.5,0.0,0.0,0.0,0.0,10.0,144.2,594.0,58.4,9766.0,6.8,59481.0,2.5,2023,341397,3,2023,0.0,0.0,1442.0,34689.6,66408.8,148702.5,251242.9,11,-1.9120449663449,-5.651925091552504,-8.652687389392701
2023-12-04,142946.0,804387.5,0.0,0.0,0.0,0.0,6.0,136.2,715.0,43.7,9879.0,5.5,58052.0,2.5,2023,321755,0,2023,0.0,0.0,817.1999999999999,31245.500000000004,54334.5,145130.0,231527.2,12,-2.6844067381700567,0.36209770744758524,-1.554593424339222
2023-12-07,131830.0,751205.0,0.0,0.0,0.0,0.0,8.0,167.6,527.0,52.0,8635.0,6.1,52704.0,2.5,2023,300482,3,2023,0.0,0.0,1340.8,27404.0,52673.5,131760.0,213178.3,12,-1.994394214250452,-5.139073462654249,-7.703951950166342
2023-12-11,127872.0,729555.0,0.0,0.0,0.0,0.0,17.0,91.0,650.0,39.9,9440.0,5.1,54754.0,2.5,2023,291822,0,2023,0.0,0.0,1547.0,25935.0,48144.0,136885.0,212511.0,12,0.378458355724715,0.40487474395432876,3.63237717251583
2023-12-14,120212.0,681160.0,0.0,0.0,0.0,0.0,18.0,85.6,761.0,32.4,9104.0,4.4,50818.0,2.5,2023,272464,3,2023,0.0,0.0,1540.8,24656.399999999998,40057.600000000006,127045.0,193299.8,12,0.9248363204791408,6.704008293316211,6.7086358905402435
2023-12-18,114240.0,647010.0,0.0,0.0,0.0,0.0,12.0,133.8,532.0,49.3,7495.0,6.2,44636.0,2.5,2023,258804,0,2023,0.0,0.0,1605.6000000000001,26227.6,46469.0,111590.0,185892.2,12,-0.4731556002724905,-1.487119187660345,-6.497071548312907
2023-12-21,113379.0,649730.0,0.0,0.0,0.0,0.0,15.0,84.5,588.0,35.3,8416.0,4.9,47066.0,2.5,2023,259892,3,2023,0.0,0.0,1267.5,20756.399999999998,41238.4,117665.0,180927.3,12,0.31950289857539993,0.7645921041174112,3.528203641154195
2023-12-25,121360.0,684915.0,0.0,0.0,0.0,0.0,12.0,94.0,636.0,29.5,9368.0,3.9,52875.0,2.5,2023,273966,0,2023,0.0,0.0,1128.0,18762.0,36535.2,132187.5,188612.7,12,-0.6710603172571548,1.445045514105808,9.077421432275335
2023-12-28,112797.0,643797.5,0.0,0.0,0.0,0.0,17.0,113.7,591.0,38.7,8227.0,5.1,46727.0,2.5,2023,257519,3,2023,0.0,0.0,1932.9,22871.7,41957.7,116817.5,183579.8,12,0.895687673694437,1.113695824254876,2.2404341422458556
2024-01-01,113237.0,636827.5,0.0,0.0,0.0,0.0,16.0,115.3,618.0,41.7,7985.0,5.5,45700.0,2.5,2024,254731,0,2024,0.0,0.0,1844.8,25770.600000000002,43917.5,114250.0,185782.9,1,0.6690605141619866,2.522493562042941,0.4848727693853245
2024-01-04,107557.0,598255.0,0.0,0.0,0.0,0.0,8.0,125.3,426.0,47.5,7321.0,5.8,42906.0,2.5,2024,239302,3,2024,0.0,0.0,1002.4,20235.0,42461.799999999996,107265.0,170964.2,1,-1.3230656086101036,-4.310781074536804,-1.6512592489724662
2024-01-08,102711.0,568937.5,0.0,0.0,0.0,0.0,5.0,75.5,518.0,32.0,7280.0,4.5,41153.0,2.5,2024,227575,0,2024,0.0,0.0,377.5,16576.0,32760.0,102882.5,152596.0,1,-2.0401498268078324,0.8551554788343539,2.22224676430601
2024-01-11,105714.0,588110.0,0.0,0.0,1.0,120000.0,11.0,109.7,443.0,41.5,7244.0,5.3,42974.0,2.5,2024,235244,3,2024,0.0,120000.0,1206.7,18384.5,38393.2,107435.0,285419.4,1,-0.42496976019775806,-3.2062266198802627,-1.0779098659632078
2024-01-15,105845.0,583177.5,0.0,0.0,0.0,0.0,10.0,106.5,538.0,40.6,7121.0,5.3,41685.0,2.5,2024,233271,0,2024,0.0,0.0,1065.0,21842.8,37741.299999999996,104212.5,164861.59999999998,1,-0.6809956842656463,1.1772153992384693,-1.8148796319417726
2024-01-18,101078.0,556687.5,0.0,0.0,0.0,0.0,12.0,81.6,578.0,34.5,7150.0,4.8,41027.0,2.5,2024,222675,3,2024,0.0,0.0,979.1999999999999,19941.0,34320.0,102567.5,157807.7,1,0.04808002754751448,4.069805958725447,2.5243313735092716
2024-01-22,100629.0,552417.5,0.0,0.0,0.0,0.0,7.0,127.9,399.0,48.7,6237.0,6.2,38420.0,2.5,2024,220967,0,2024,0.0,0.0,895.3000000000001,19431.300000000003,38669.4,96050.0,155046.0,1,-1.3843168660445393,-3.8858373040386054,-7.989123118526572
2024-01-25,101623.0,559382.5,0.0,0.0,0.0,0.0,8.0,117.4,424.0,48.9,6731.0,5.6,41380.0,2.5,2024,223753,3,2024,0.0,0.0,939.2,20733.6,37693.6,103450.0,162816.4,1,-1.1286183957704456,-3.0076426708954473,-2.987083456154361
2024-01-29,102294.0,560865.0,0.0,0.0,0.0,0.0,14.0,106.7,467.0,41.9,7042.0,5.3,41006.0,2.5,2024,224346,0,2024,0.0,0.0,1493.8,19567.3,37322.6,102515.0,160898.7,1,0.6013976590363117,-1.1213173754832724,0.570100066977197
2024-02-01,107667.0,594410.0,0.0,0.0,0.0,0.0,11.0,96.6,486.0,40.4,7306.0,5.3,42665.0,2.5,2024,237764,3,2024,0.0,0.0,1062.6,19634.399999999998,38721.799999999996,106662.5,166081.3,2,-0.4603890191973063,-1.5459697735569717,-1.2677394937411015
2024-02-05,100456.0,547290.0,0.0,0.0,0.0,0.0,11.0,88.0,508.0,35.3,7195.0,4.5,40856.0,2.5,2024,218916,0,2024,0.0,0.0,968.0,17932.399999999998,32377.5,102140.0,153417.9,2,-0.18611566699318938,1.282415312479576,4.540562860250811
2024-02-08,97113.0,530780.0,0.0,0.0,0.0,0.0,15.0,120.8,518.0,44.2,7024.0,5.6,38123.0,2.5,2024,212312,3,2024,0.0,0.0,1812.0,22895.600000000002,39334.399999999994,95307.5,159349.5,2,1.1063132560763385,2.438041575951116,5.046576130746137
2024-02-12,92403.0,501315.0,0.0,0.0,1.0,120000.0,15.0,72.1,518.0,33.9,6712.0,4.6,36820.0,2.5,2024,200526,0,2024,0.0,120000.0,1081.5,17560.2,30875.199999999997,92050.0,261566.90000000002,2,1.3302428638947463,3.742370454762809,5.905676041123539
2024-02-15,95612.0,517647.5,0.0,0.0,0.0,0.0,11.0,76.1,511.0,32.3,7017.0,4.4,39175.0,2.5,2024,207059,3,2024,0.0,0.0,837.0999999999999,16505.3,30874.800000000003,97937.5,146154.7,2,-0.0014023602549528055,2.6809814217434154,7.092658273376323
2024-02-19,94610.0,514732.5,0.0,0.0,0.0,0.0,9.0,149.3,463.0,47.9,6084.0,5.8,36405.0,2.5,2024,205893,0,2024,0.0,0.0,1343.7,22177.7,35287.2,91012.5,149821.1,2,-0.5872883449289776,0.5472656269535369,-4.256777701539077
2024-02-22,100464.0,552322.5,0.0,0.0,0.0,0.0,12.0,101.9,539.0,37.4,7144.0,5.1,40833.0,2.5,2024,220929,3,2024,0.0,0.0,1222.8000000000002,20158.6,36434.399999999994,102082.5,159898.3,2,0.07535100458008559,2.485942457594625,3.1272380014857144
2024-02-26,99812.0,547102.5,0.0,0.0,0.0,0.0,11.0,88.0,516.0,39.6,6837.0,5.2,39577.0,2.5,2024,218841,0,2024,0.0,0.0,968.0,20433.600000000002,35552.4,98942.5,155896.5,2,-0.1849787313568516,1.6557861694172067,0.16698477187721844
2024-02-29,103683.0,573805.0,0.0,0.0,0.0,0.0,12.0,126.1,477.0,42.3,7314.0,5.4,42555.0,2.5,2024,229522,3,2024,0.0,0.0,1513.1999999999998,20177.1,39495.600000000006,106387.5,167573.40000000002,2,-0.056836097088159496,-1.1687387835189822,1.892058815778549
2024-03-04,108557.0,576962.5,0.0,0.0,0.0,0.0,11.0,107.4,494.0,43.8,7094.0,5.3,41731.0,2.5,2024,230785,0,2024,0.0,0.0,1181.4,21637.199999999997,37598.2,104327.5,164744.3,3,-0.361387077516997,-0.5321659771684968,-1.2196479729844716
2024-03-07,117495.0,588627.5,0.0,0.0,0.0,0.0,13.0,98.4,526.0,41.5,7132.0,5.5,41501.0,2.5,2024,235451,3,2024,0.0,0.0,1279.2,21829.0,39226.0,103752.5,166086.7,3,0.13749966312740358,0.43240881957669597,-2.4820010667972143
2024-03-11,115421.0,575107.5,0.0,0.0,0.0,0.0,10.0,118.5,466.0,40.9,6946.0,5.5,41568.0,2.5,2024,230043,0,2024,0.0,0.0,1185.0,19059.399999999998,38203.0,103920.0,162367.4,3,-0.6366908465222654,-1.7086877733492485,-2.719490983127444
2024-03-14,108373.0,546065.0,0.0,0.0,0.0,0.0,17.0,75.7,477.0,34.4,7245.0,4.6,41058.0,2.5,2024,218426,3,2024,0.0,0.0,1286.9,16408.8,33327.0,102645.0,153667.7,3,1.5823605023063925,-0.08518818351268827,5.34928461724523
2024-03-18,108097.0,551980.0,0.0,0.0,0.0,0.0,8.0,94.9,431.0,37.0,6928.0,4.7,41162.0,2.5,2024,220792,0,2024,0.0,0.0,759.2,15947.0,32561.600000000002,102905.0,152172.8,3,-1.0902201487210998,-2.4138511669578104,0.5356470774076151
2024-03-21,104858.0,551250.0,0.0,0.0,0.0,0.0,11.0,107.1,502.0,43.8,6961.0,5.4,40057.0,2.5,2024,220500,3,2024,0.0,0.0,1178.1,21987.6,37589.4,100142.5,160897.6,3,-0.21003851264340545,0.846489505176802,1.0519020730240596
2024-03-25,102121.0,535005.0,0.0,0.0,0.0,0.0,15.0,68.9,542.0,30.8,7323.0,4.3,40335.0,2.5,2024,214002,0,2024,0.0,0.0,1033.5,16693.600000000002,31488.899999999998,100837.5,150053.5,3,1.0753026177526692,3.366395647893896,8.090039224555033
2024-03-28,101611.0,539767.5,0.0,0.0,0.0,0.0,17.0,81.9,529.0,31.4,7320.0,4.2,40042.0,2.5,2024,215907,3,2024,0.0,0.0,1392.3000000000002,16610.6,30744.0,100105.0,148851.9,3,1.6310872585991187,2.5611567495917806,7.281632355633335
2024-04-01,97472.0,505605.0,0.0,0.0,0.0,0.0,11.0,83.3,458.0,38.2,6542.0,5.1,36847.0,2.5,2024,202242,0,2024,0.0,0.0,916.3,17495.600000000002,33364.2,92117.5,143893.6,4,0.07667071163537595,0.6950124615484801,3.0210534241693647
2024-04-04,91625.0,493820.0,0.0,0.0,0.0,0.0,10.0,104.1,516.0,36.3,6512.0,4.9,36813.0,2.5,2024,197528,3,2024,0.0,0.0,1041.0,18730.8,31908.800000000003,92032.5,143713.1,4,-0.1537361636195459,3.99063853909971,4.571305264090038
2024-04-08,88412.0,473722.5,0.0,0.0,0.0,0.0,14.0,91.3,447.0,42.6,5919.0,5.6,33976.0,2.5,2024,189489,0,2024,0.0,0.0,1278.2,19042.2,33146.4,84940.0,138406.8,4,1.2381602378859098,1.5509842427051999,0.14231244240291097
2024-04-11,86459.0,463080.0,0.0,0.0,0.0,0.0,10.0,135.0,388.0,48.8,5494.0,6.0,32503.0,2.5,2024,185232,3,2024,0.0,0.0,1350.0,18934.399999999998,32964.0,81257.5,134505.9,4,0.049528426076096095,-0.8986720257947021,-3.7632479072989056
2024-04-15,85719.0,454945.0,0.0,0.0,0.0,0.0,16.0,86.4,381.0,38.2,5487.0,5.3,31864.0,2.5,2024,181978,0,2024,0.0,0.0,1382.4,14554.2,29081.1,79660.0,124677.7,4,2.0349357424775287,-0.8999627455782977,-2.5227250110375308
2024-04-18,82921.0,442085.0,0.0,0.0,0.0,0.0,13.0,84.1,447.0,36.7,5948.0,4.8,32661.0,2.5,2024,176834,3,2024,0.0,0.0,1093.3,16404.9,28550.399999999998,81652.5,127701.1,4,1.1748936890310655,3.016139268651577,5.942868777788953
2024-04-22,84465.0,450940.0,0.0,0.0,1.0,120000.0,8.0,137.7,341.0,52.9,4766.0,6.3,30763.0,2.5,2024,180376,0,2024,0.0,120000.0,1101.6,18038.899999999998,30025.8,76907.5,246073.8,4,-0.5124204205187505,-2.7408390257244553,-11.624806797694408
2024-04-25,87251.0,467445.0,0.0,0.0,0.0,0.0,10.0,109.4,386.0,40.1,5806.0,5.0,33781.0,2.5,2024,186978,3,2024,0.0,0.0,1094.0,15478.6,29030.0,84452.5,130055.1,4,0.019859088040927262,-1.182626253926127,-0.3185515177101639
2024-04-29,87611.0,469002.5,0.0,0.0,0.0,0.0,7.0,94.9,403.0,44.4,5563.0,5.8,32918.0,2.5,2024,187601,0,2024,0.0,0.0,664.3000000000001,17893.2,32265.399999999998,82295.0,133117.9,4,-0.940770742689929,-0.4089032367514675,-3.804037400996197
2024-05-02,87023.0,467765.0,0.0,0.0,0.0,0.0,8.0,104.3,428.0,38.2,5935.0,5.2,33428.0,2.5,2024,187106,3,2024,0.0,0.0,834.4,16349.6,30862.0,83570.0,131616.0,5,-0.6165493567576641,0.8799153140128968,1.3443534588541741
2024-05-06,88506.0,470715.0,0.0,0.0,0.0,0.0,4.0,105.5,356.0,41.3,5841.0,5.2,33629.0,2.5,2024,188286,0,2024,0.0,0.0,422.0,14702.8,30373.2,84072.5,129570.5,5,-1.8989474360721441,-2.798015502326118,-0.3941264933188503
2024-05-09,81064.0,427397.5,0.0,0.0,0.0,0.0,15.0,73.8,347.0,29.1,5366.0,3.9,32221.0,2.5,2024,170959,3,2024,0.0,0.0,1107.0,10097.7,20927.399999999998,80552.5,112684.6,5,1.9620206356016139,-1.4374826825835656,0.4944007319897862
2024-05-13,84331.0,449172.5,0.0,0.0,0.0,0.0,4.0,171.9,357.0,50.3,5144.0,5.9,31795.0,2.5,2024,179669,0,2024,0.0,0.0,687.6,17957.1,30349.600000000002,79487.5,128481.8,5,-1.7957431340803673,-1.8609812969817972,-6.217492357340444
2024-05-16,86299.0,458602.5,0.0,0.0,0.0,0.0,7.0,91.7,402.0,32.4,5983.0,4.2,34417.0,2.5,2024,183441,3,2024,0.0,0.0,641.9,13024.8,25128.600000000002,86042.5,124837.8,5,-0.8805676320705681,-0.0081577701471988,3.5376461211897476
2024-05-20,76196.0,398895.0,0.0,0.0,0.0,0.0,12.0,110.3,352.0,34.3,5329.0,4.6,30161.0,2.5,2024,159558,0,2024,0.0,0.0,1323.6,12073.599999999999,24513.399999999998,75402.5,113313.1,5,1.2087651556371748,0.11754443925639121,5.099153195083084
2024-05-23,86079.0,462330.0,0.0,0.0,0.0,0.0,8.0,67.3,486.0,23.7,6378.0,3.4,36283.0,2.5,2024,184932,3,2024,0.0,0.0,538.4,11518.199999999999,21685.2,90707.5,124449.3,5,-0.5833069185701276,4.005706008401723,8.186211386783832
2024-05-27,82521.0,442920.0,0.0,0.0,0.0,0.0,13.0,60.6,432.0,27.1,5737.0,3.8,33572.0,2.5,2024,177168,0,2024,0.0,0.0,787.8000000000001,11707.2,21800.6,83930.0,118225.6,5,1.1680006608877929,2.214157615487551,2.9106703858521015
2024-05-30,84869.0,456787.5,0.0,0.0,0.0,0.0,10.0,90.6,412.0,36.9,5818.0,4.7,33680.0,2.5,2024,182715,3,2024,0.0,0.0,906.0,15202.8,27344.600000000002,84200.0,127653.4,5,0.09279720061723437,0.5716297679237388,1.6284136852833464
2024-06-03,84277.0,450415.0,0.0,0.0,0.0,0.0,8.0,111.7,357.0,47.3,5337.0,6.0,31475.0,2.5,2024,180166,0,2024,0.0,0.0,893.6,16886.1,32022.0,78687.5,128489.2,6,-0.5091120582932566,-1.9132971928304847,-3.802817669837802
2024-06-06,81671.0,436697.5,0.0,0.0,0.0,0.0,10.0,112.2,384.0,41.0,5475.0,5.3,32447.0,2.5,2024,174679,3,2024,0.0,0.0,1122.0,15744.0,29017.5,81117.5,127001.0,6,0.23508327354681932,0.05349918461517612,0.3928953331914771
2024-06-10,81032.0,432912.5,0.0,0.0,0.0,0.0,10.0,100.7,384.0,36.6,5738.0,4.7,31944.0,2.5,2024,173165,0,2024,0.0,0.0,1007.0,14054.400000000001,26968.600000000002,79860.0,121890.0,6,0.2626332924976551,0.2242722420933559,4.683668830633235
2024-06-13,81201.0,430915.0,0.0,0.0,0.0,0.0,9.0,89.5,382.0,34.9,5578.0,4.5,33424.0,2.5,2024,172366,3,2024,0.0,0.0,805.5,13331.8,25101.0,83560.0,122798.3,6,-0.053131680070081136,0.21200286480759073,2.8224059679996043
2024-06-17,79964.0,423377.5,0.0,0.0,0.0,0.0,3.0,113.4,338.0,40.7,4813.0,5.3,30293.0,2.5,2024,169351,0,2024,0.0,0.0,340.20000000000005,13756.6,25508.899999999998,75732.5,115338.2,6,-2.000179592134392,-1.7287322255595878,-6.533936694428378
2024-06-20,79049.0,419617.5,0.0,0.0,1.0,120000.0,18.0,56.7,487.0,24.4,6258.0,3.5,32818.0,2.5,2024,167847,3,2024,0.0,120000.0,1020.6,11882.8,21903.0,82045.0,236851.4,6,3.0399687018621564,6.211557465136503,14.388730650044671
2024-06-24,80032.0,424840.0,0.0,0.0,0.0,0.0,8.0,74.7,409.0,30.9,5542.0,4.3,31914.0,2.5,2024,169936,0,2024,0.0,0.0,597.6,12638.099999999999,23830.6,79785.0,116851.29999999999,6,-0.34329259474542645,1.8901968332299115,3.3975500881545755
2024-06-27,79867.0,425972.5,0.0,0.0,0.0,0.0,11.0,96.2,413.0,32.0,5818.0,4.4,31750.0,2.5,2024,170389,3,2024,0.0,0.0,1058.2,13216.0,25599.2,79375.0,119248.4,6,0.6461076691313581,2.0434288796403357,7.04322316438797
2024-07-01,75346.0,396252.5,0.0,0.0,0.0,0.0,9.0,97.8,381.0,37.3,5507.0,5.0,29647.0,2.5,2024,158501,0,2024,0.0,0.0,880.1999999999999,14211.3,27535.0,74117.5,116744.0,7,0.1984895460306879,1.799803041216655,8.1648624556088
2024-07-04,75031.0,395995.0,0.0,0.0,0.0,0.0,15.0,100.0,393.0,32.9,5336.0,4.3,29729.0,2.5,2024,158398,3,2024,0.0,0.0,1500.0,12929.699999999999,22944.8,74322.5,111697.0,7,2.268423254442896,2.457177772437309,5.741862433166168
2024-07-08,74225.0,389652.5,0.0,0.0,1.0,120000.0,7.0,88.4,383.0,37.5,5116.0,4.9,29136.0,2.5,2024,155861,0,2024,0.0,120000.0,618.8000000000001,14362.5,25068.4,72840.0,232889.69999999998,7,-0.4460000386214012,2.2367432971910364,3.7350028314951293
2024-07-11,75959.0,397790.0,0.0,0.0,0.0,0.0,5.0,123.4,390.0,39.5,5235.0,5.1,29940.0,2.5,2024,159116,3,2024,0.0,0.0,617.0,15405.0,26698.499999999996,74850.0,117570.5,7,-1.188675428010665,2.206455145961972,3.949161452748271
2024-07-15,72280.0,378172.5,0.0,0.0,0.0,0.0,9.0,104.4,325.0,34.9,5219.0,4.4,28937.0,2.5,2024,151269,0,2024,0.0,0.0,939.6,11342.5,22963.600000000002,72342.5,107588.20000000001,7,0.3387403463959749,-0.36456584110338097,7.433064144300476
2024-07-18,71195.0,373675.0,0.0,0.0,0.0,0.0,4.0,107.1,374.0,43.0,4758.0,5.7,27139.0,2.5,2024,149470,3,2024,0.0,0.0,428.4,16082.0,27120.600000000002,67847.5,111478.5,7,-1.39934333983542,2.561194173023731,1.4517829350303701
2024-07-22,68469.0,357935.0,0.0,0.0,0.0,0.0,4.0,67.3,368.0,29.1,5109.0,3.9,28007.0,2.5,2024,143174,0,2024,0.0,0.0,269.2,10708.800000000001,19925.1,70017.5,100920.6,7,-1.3084731800216345,3.0578103362523414,9.80562332617421
2024-07-25,69235.0,363060.0,0.0,0.0,0.0,0.0,14.0,100.5,350.0,41.9,4644.0,5.6,26083.0,2.5,2024,145224,3,2024,0.0,0.0,1407.0,14665.0,26006.399999999998,65207.5,107285.9,7,2.2611519019556168,1.7741019353590606,1.7505002107832706
2024-07-29,67717.0,353720.0,0.0,0.0,0.0,0.0,14.0,71.7,380.0,30.0,4771.0,4.3,26184.0,2.5,2024,141488,0,2024,0.0,0.0,1003.8000000000001,11400.0,20515.3,65460.0,98379.1,7,2.3632205201364043,3.9681709209544866,5.497883883705529
2024-08-01,71621.0,371745.0,0.0,0.0,0.0,0.0,4.0,141.6,274.0,47.9,4238.0,5.6,26150.0,2.5,2024,148698,3,2024,0.0,0.0,566.4,13124.6,23732.8,65375.0,102798.8,8,-1.3883756980649344,-2.882933737892272,-5.944061137709215
2024-08-05,73583.0,378275.0,0.0,0.0,0.0,0.0,11.0,91.3,314.0,38.7,4783.0,5.1,27640.0,2.5,2024,151310,0,2024,0.0,0.0,1004.3,12151.800000000001,24393.3,69100.0,106649.4,8,1.0432142280921217,-0.9740768579876474,0.9641199151388536
2024-08-08,73943.0,380200.0,0.0,0.0,0.0,0.0,16.0,78.7,395.0,31.7,5132.0,4.1,29081.0,2.5,2024,152080,3,2024,0.0,0.0,1259.2,12521.5,21041.199999999997,72702.5,107524.4,8,2.784926206238892,3.3767556363685576,5.75655458918881
2024-08-12,72502.0,370810.0,0.0,0.0,0.0,0.0,10.0,54.9,419.0,26.7,5310.0,3.8,28663.0,2.5,2024,148324,0,2024,0.0,0.0,549.0,11187.3,20178.0,71657.5,103571.8,8,0.7540111307797779,5.208766197635705,10.237800477940155
2024-08-15,71061.0,356090.0,0.0,0.0,0.0,0.0,6.0,154.4,285.0,55.6,4047.0,6.8,24182.0,2.5,2024,142436,3,2024,0.0,0.0,926.4000000000001,15846.0,27519.6,60455.0,104747.0,8,-0.5706759471813179,-1.5447174011626208,-6.0085549937852365
2024-08-19,81107.0,415600.0,0.0,0.0,0.0,0.0,10.0,82.0,385.0,35.6,5342.0,4.9,30179.0,2.5,2024,166240,0,2024,0.0,0.0,820.0,13706.0,26175.800000000003,75447.5,116149.3,8,0.3918716416639287,1.0774607071500117,2.2390273359543325
2024-08-22,79314.0,410347.5,0.0,0.0,0.0,0.0,10.0,112.4,358.0,41.6,5040.0,5.5,29836.0,2.5,2024,164139,3,2024,0.0,0.0,1124.0,14892.800000000001,27720.0,74590.0,118326.8,8,0.43217872114900835,-0.09747519999594562,-1.1052296114863187
2024-08-26,79065.0,410302.5,0.0,0.0,0.0,0.0,18.0,105.2,317.0,41.0,5335.0,5.0,30556.0,2.5,2024,164121,0,2024,0.0,0.0,1893.6000000000001,12997.0,26675.0,76390.0,117955.6,8,3.1413351402134815,-2.2592385729713294,3.092367313682042
2024-08-29,80332.0,418855.0,0.0,0.0,0.0,0.0,8.0,138.1,344.0,44.7,5135.0,5.4,30199.0,2.5,2024,167542,3,2024,0.0,0.0,1104.8,15376.800000000001,27729.000000000004,75497.5,119708.1,8,-0.3030967630356386,-1.2174697139532178,-1.250045055595909
2024-09-02,81486.0,422825.0,0.0,0.0,0.0,0.0,9.0,93.2,338.0,43.3,5200.0,5.6,30295.0,2.5,2024,169130,0,2024,0.0,0.0,838.8000000000001,14635.4,29119.999999999996,75737.5,120331.7,9,0.003727944527068067,-1.7046722734802469,-1.0275006060455796
2024-09-05,78872.0,408295.0,0.0,0.0,1.0,120000.0,14.0,92.9,385.0,40.3,5043.0,5.2,29337.0,2.5,2024,163318,3,2024,0.0,120000.0,1300.6000000000001,15515.499999999998,26223.600000000002,73342.5,236382.2,9,1.8058044248180383,1.4259732583319533,-0.7008396771031535
2024-09-09,80808.0,418365.0,0.0,0.0,0.0,0.0,22.0,34.7,584.0,22.8,6274.0,3.7,32510.0,2.5,2024,167346,0,2024,0.0,0.0,763.4000000000001,13315.2,23213.800000000003,81275.0,118567.4,9,4.3947346528456,11.348016901744092,14.854997719422093
2024-09-12,74018.0,382112.5,0.0,0.0,0.0,0.0,3.0,171.8,253.0,61.1,4051.0,7.4,25119.0,2.5,2024,152845,3,2024,0.0,0.0,515.4000000000001,15458.300000000001,29977.4,62797.5,108748.6,9,-1.7976126120800175,-4.489226245971648,-10.517860985480382
2024-09-16,75006.0,391830.0,0.0,0.0,0.0,0.0,7.0,148.2,337.0,46.1,5029.0,5.6,28230.0,2.5,2024,156732,0,2024,0.0,0.0,1037.3999999999999,15535.7,28162.399999999998,70575.0,115310.5,9,-0.4607985854953386,-0.35689781873186993,2.0655288117483814
2024-09-19,73610.0,380832.5,0.0,0.0,1.0,120000.0,4.0,112.8,284.0,48.5,4518.0,5.7,27290.0,2.5,2024,152333,3,2024,0.0,120000.0,451.2,13774.0,25752.600000000002,68225.0,228202.80000000002,9,-1.439609316827924,-2.7370769406731434,-3.415858861821058
2024-09-23,76350.0,395375.0,0.0,0.0,0.0,0.0,6.0,120.2,320.0,49.0,4432.0,5.8,27735.0,2.5,2024,158150,0,2024,0.0,0.0,721.2,15680.0,25705.6,69337.5,111444.3,9,-0.8296572726615259,-1.4364130977553644,-7.220789573325753
2024-09-26,75062.0,391067.5,0.0,0.0,0.0,0.0,9.0,125.2,309.0,44.7,4507.0,5.7,27978.0,2.5,2024,156427,3,2024,0.0,0.0,1126.8,13812.300000000001,25689.9,69945.0,110574.0,9,0.2380311668538776,-1.834749214610353,-5.387864068642421
2024-09-30,77880.0,404305.0,0.0,0.0,0.0,0.0,12.0,105.2,371.0,35.8,5247.0,4.8,29999.0,2.5,2024,161722,0,2024,0.0,0.0,1262.4,13281.8,25185.6,74997.5,114727.29999999999,9,1.1614200481095807,0.8746876464053515,2.926368609239122
2024-10-03,87256.0,434180.0,0.0,0.0,0.0,0.0,8.0,103.4,398.0,38.4,5506.0,5.0,31788.0,2.5,2024,173672,3,2024,0.0,0.0,827.2,15283.199999999999,27530.0,79470.0,123110.4,10,-0.40493747281569414,0.8851868675913471,1.2555181535642475
2024-10-07,102392.0,484590.0,0.0,0.0,0.0,0.0,39.0,43.5,490.0,38.4,5945.0,5.5,34104.0,2.5,2024,193836,0,2024,0.0,0.0,1696.5,18816.0,32697.5,85260.0,138470.0,10,8.941422453152933,3.1588977457444103,-1.2907941422498102
2024-10-10,97422.0,473617.5,0.0,0.0,0.0,0.0,5.0,115.6,397.0,40.5,5851.0,5.1,34235.0,2.5,2024,189447,3,2024,0.0,0.0,578.0,16078.5,29840.1,85587.5,132084.1,10,-1.5974095315517174,-0.9004411015926576,-0.7392510570110186
2024-10-14,101169.0,485245.0,0.0,0.0,0.0,0.0,11.0,105.0,419.0,37.5,6138.0,5.0,35782.0,2.5,2024,194098,0,2024,0.0,0.0,1155.0,15712.5,30690.0,89455.0,137012.5,10,0.21302852281855805,-0.31676161324851004,1.1239014527659337
2024-10-17,90446.0,446412.5,0.0,0.0,0.0,0.0,13.0,97.1,342.0,43.6,5277.0,5.8,31049.0,2.5,2024,178565,3,2024,0.0,0.0,1262.3,14911.2,30606.6,77622.5,124402.6,10,1.1393208960058405,-2.503219520047789,-3.957089937255359
2024-10-21,86059.0,429052.5,0.0,0.0,0.0,0.0,6.0,137.1,358.0,47.5,5125.0,5.7,30978.0,2.5,2024,171621,0,2024,0.0,0.0,822.5999999999999,17005.0,29212.5,77445.0,124485.1,10,-1.0334958163481447,-0.941895338608451,-3.1403640976141336
2024-10-24,86730.0,434432.5,0.0,0.0,0.0,0.0,8.0,103.1,353.0,38.3,5463.0,4.9,32420.0,2.5,2024,173773,3,2024,0.0,0.0,824.8,13519.9,26768.7,81050.0,122163.4,10,-0.40658615205310566,-1.4344754896663874,0.6181901348980053
2024-10-28,85223.0,424620.0,0.0,0.0,0.0,0.0,7.0,48.1,424.0,22.6,5915.0,3.4,32845.0,2.5,2024,169848,0,2024,0.0,0.0,336.7,9582.400000000001,20111.0,82112.5,112142.6,10,-0.674668423512435,2.6788832657718262,8.644127570106008
2024-10-31,91812.0,468477.5,0.0,0.0,0.0,0.0,12.0,81.9,480.0,35.3,6312.0,4.8,34672.0,2.5,2024,187391,3,2024,0.0,0.0,982.8000000000001,16944.0,30297.6,86680.0,134904.4,10,0.6466435126327972,3.416725448217081,6.236038594648702
2024-11-04,72834.0,371572.5,0.0,0.0,0.0,0.0,3.0,202.1,282.0,65.0,4013.0,7.6,23916.0,2.5,2024,148629,0,2024,0.0,0.0,606.3,18330.0,30498.8,59790.0,109225.1,11,-1.7432035354324462,-2.4315418413218475,-9.271268244555891
2024-11-07,80027.0,418557.5,0.0,0.0,0.0,0.0,17.0,113.3,337.0,44.1,4797.0,5.6,29112.0,2.5,2024,167423,3,2024,0.0,0.0,1926.1,14861.7,26863.199999999997,72780.0,116431.0,11,2.716124788551781,-1.5700449842023698,-5.951128373732346
2024-11-11,82603.0,413647.5,0.0,0.0,0.0,0.0,4.0,119.6,344.0,40.2,5096.0,5.1,30489.0,2.5,2024,165459,0,2024,0.0,0.0,478.4,13828.800000000001,25989.6,76222.5,116519.3,11,-1.6165823651322797,-0.9850747084401089,-0.8908661957959536
2024-11-14,86628.0,441105.0,0.0,0.0,0.0,0.0,8.0,166.9,308.0,54.2,5034.0,6.5,31034.0,2.5,2024,176442,3,2024,0.0,0.0,1335.2,16693.600000000002,32721.0,77585.0,128334.8,11,-0.44982264224348206,-4.011945665724937,-6.402611105922204
2024-11-18,90154.0,454490.0,0.0,0.0,0.0,0.0,17.0,68.4,447.0,29.4,6176.0,4.1,34433.0,2.5,2024,181796,0,2024,0.0,0.0,1162.8000000000002,13141.8,25321.6,86082.5,125708.7,11,2.360786204604111,2.4291933750870425,6.850141905152365
2024-11-21,88764.0,445850.0,0.0,0.0,0.0,0.0,8.0,164.0,348.0,51.9,5129.0,6.2,31733.0,2.5,2024,178340,3,2024,0.0,0.0,1312.0,18061.2,31799.8,79332.5,130505.5,11,-0.4801886784265423,-2.1760502729316618,-5.880414410732842
2024-11-25,98890.0,497587.5,0.0,0.0,0.0,0.0,11.0,58.5,605.0,25.4,7209.0,3.7,38694.0,2.5,2024,199035,0,2024,0.0,0.0,643.5,15367.0,26673.300000000003,96735.0,139418.8,11,0.12969263844004358,8.08245891621516,12.936943209480903
2024-11-28,90071.0,459897.5,0.0,0.0,0.0,0.0,9.0,128.6,360.0,48.6,5393.0,6.1,32633.0,2.5,2024,183959,3,2024,0.0,0.0,1157.3999999999999,17496.0,32897.299999999996,81582.5,133133.2,11,-0.24848549898677083,-2.158446526454395,-4.598676175464738
2024-12-02,79131.0,404387.5,0.0,0.0,0.0,0.0,12.0,88.5,396.0,35.4,5080.0,5.0,29308.0,2.5,2024,161755,0,2024,0.0,0.0,1062.0,14018.4,25400.0,73270.0,113750.4,12,1.160703382075749,2.19978197927598,0.5222784436324551
2024-12-05,75244.0,389080.0,0.0,0.0,0.0,0.0,10.0,86.6,347.0,35.9,5252.0,4.7,29271.0,2.5,2024,155632,3,2024,0.0,0.0,866.0,12457.3,24684.4,73177.5,111185.2,12,0.6010430409778478,0.3145108351935127,5.825380578953093
2024-12-09,74919.0,387480.0,0.0,0.0,0.0,0.0,7.0,99.3,297.0,41.8,4562.0,5.4,27186.0,2.5,2024,154992,0,2024,0.0,0.0,695.1,12414.599999999999,24634.800000000003,67965.0,105709.5,12,-0.4311563070841563,-2.324072086985488,-3.955043711517679
2024-12-12,74094.0,381902.5,0.0,0.0,0.0,0.0,8.0,90.0,412.0,31.3,5626.0,4.2,29488.0,2.5,2024,152761,3,2024,0.0,0.0,720.0,12895.6,23629.2,73720.0,110964.8,12,-0.04171337368729422,4.217513129406708,12.703274020165367
2024-12-16,76667.0,398382.5,0.0,0.0,0.0,0.0,4.0,110.3,334.0,35.7,4945.0,4.6,29122.0,2.5,2024,159353,0,2024,0.0,0.0,441.2,11923.800000000001,22747.0,72805.0,107917.0,12,-1.5357489012650243,-0.8223947121243793,-0.3401229641205282
2024-12-19,75529.0,392292.5,0.0,0.0,0.0,0.0,7.0,89.2,322.0,36.9,4971.0,4.5,29398.0,2.5,2024,156917,3,2024,0.0,0.0,624.4,11881.8,22369.5,73495.0,108370.7,12,-0.46393165464839636,-1.1881956850288866,1.1380971144221004
2024-12-23,77750.0,409660.0,0.0,0.0,0.0,0.0,13.0,81.3,314.0,43.1,5038.0,5.5,29570.0,2.5,2024,163864,0,2024,0.0,0.0,1056.8999999999999,13533.4,27709.0,73925.0,116224.3,12,1.4540934984260754,-2.3897042796016073,-1.012710936846024
2024-12-26,71702.0,372597.5,0.0,0.0,0.0,0.0,9.0,93.9,455.0,37.7,5127.0,5.0,27590.0,2.5,2024,149039,3,2024,0.0,0.0,845.1,17153.5,25635.0,68975.0,112608.6,12,0.38337730502049244,7.103218230920326,7.153597045440608
2024-12-30,79086.0,417345.0,0.0,0.0,0.0,0.0,6.0,72.7,394.0,33.4,5524.0,4.5,31237.0,2.5,2024,166938,0,2024,0.0,0.0,436.20000000000005,13159.599999999999,24858.0,78092.5,116546.3,12,-0.9643313924137766,1.4660936296165625,4.490789960981744
2025-01-02,78357.0,406060.0,0.0,0.0,0.0,0.0,13.0,118.4,300.0,45.6,4715.0,5.8,28119.0,2.5,2025,162424,3,2025,0.0,0.0,1539.2,13680.0,27347.0,70297.5,112863.7,1,1.4865739808506904,-2.9755147661320636,-4.987452028570824
2025-01-06,78029.0,399627.5,0.0,0.0,0.0,0.0,4.0,135.6,306.0,46.2,4842.0,5.9,27644.0,2.5,2025,159851,0,2025,0.0,0.0,542.4,14137.2,28567.800000000003,69110.0,112357.4,1,-1.542435602227412,-2.376849502572364,-2.045295048044094
2025-01-09,71759.0,363195.0,0.0,0.0,0.0,0.0,16.0,92.6,373.0,39.3,4913.0,5.2,26964.0,2.5,2025,145278,3,2025,0.0,0.0,1481.6,14658.9,25547.600000000002,67410.0,109098.1,1,2.9794799738489535,3.057314635576216,5.785393794431872
2025-01-13,78248.0,396297.5,0.0,0.0,0.0,0.0,8.0,115.0,336.0,37.9,4883.0,4.9,29445.0,2.5,2025,158519,0,2025,0.0,0.0,920.0,12734.4,23926.7,73612.5,111193.6,1,-0.14638349139519066,-0.6189659103622275,-0.8611987853040902
2025-01-16,74066.0,373927.5,0.0,0.0,0.0,0.0,11.0,87.7,364.0,38.3,4967.0,5.2,27351.0,2.5,2025,149571,3,2025,0.0,0.0,964.7,13941.199999999999,25828.4,68377.5,109111.8,1,1.0820426896194422,1.9952475479736413,4.513753540741477
2025-01-20,83134.0,414690.0,0.0,0.0,0.0,0.0,7.0,108.7,363.0,41.4,5136.0,5.2,30347.0,2.5,2025,165876,0,2025,0.0,0.0,760.9,15028.199999999999,26707.2,75867.5,118363.8,1,-0.611598224837795,-0.03439162300121814,-0.5083448527855471
2025-01-23,74458.0,372735.0,0.0,0.0,0.0,0.0,10.0,97.8,347.0,35.8,4915.0,4.6,27471.0,2.5,2025,149094,3,2025,0.0,0.0,978.0,12422.599999999999,22609.0,68677.5,104687.1,1,0.7375232664080124,1.1150110115535563,3.967740425066835
2025-01-27,81879.0,408890.0,0.0,0.0,0.0,0.0,9.0,93.1,409.0,37.2,5183.0,5.0,29998.0,2.5,2025,163556,0,2025,0.0,0.0,837.9,15214.800000000001,25915.0,74995.0,116962.7,1,0.10427249571616701,2.666174702183741,1.1858531725384798
2025-01-30,68109.0,348590.0,0.0,0.0,0.0,0.0,8.0,136.7,261.0,52.8,4145.0,6.3,24720.0,2.5,2025,139436,3,2025,0.0,0.0,1093.6,13780.8,26113.5,61800.0,102787.9,1,0.21649409115284637,-2.5588526748407725,-3.1215552179171455
2025-02-03,68988.0,351950.0,0.0,0.0,0.0,0.0,7.0,110.1,311.0,36.8,4551.0,4.8,26416.0,2.5,2025,140780,0,2025,0.0,0.0,770.6999999999999,11444.8,21844.8,66040.0,100100.3,2,-0.1762510426494313,0.13468867367556256,2.4766046818283174
2025-02-06,67243.0,343532.5,0.0,0.0,0.0,0.0,10.0,95.8,313.0,40.7,4392.0,5.2,25099.0,2.5,2025,137413,3,2025,0.0,0.0,958.0,12739.1,22838.4,62747.5,99283.0,2,0.9979616748614389,0.6774387757379783,1.6683411702700892
2025-02-10,67693.0,344232.5,0.0,0.0,0.0,0.0,6.0,113.1,336.0,50.7,4044.0,6.3,24487.0,2.5,2025,137693,0,2025,0.0,0.0,678.5999999999999,17035.2,25477.2,61217.5,104408.5,2,-0.48723571998249976,1.966622572222768,-3.8646371402277224
2025-02-13,65845.0,334445.0,0.0,0.0,0.0,0.0,2.0,153.5,239.0,51.9,3678.0,6.2,23298.0,2.5,2025,133778,3,2025,0.0,0.0,307.0,12404.1,22803.600000000002,58245.0,93759.70000000001,2,-1.9164400236110044,-3.1733384906465325,-7.75799455569661
2025-02-17,70490.0,356562.5,0.0,0.0,0.0,0.0,13.0,129.1,245.0,53.0,3988.0,6.3,24926.0,2.5,2025,142625,0,2025,0.0,0.0,1678.3,12985.0,25124.399999999998,62315.0,102102.7,2,1.9686105104568794,-3.8317212832392493,-6.993220189873362
2025-02-20,67560.0,342622.5,0.0,0.0,0.0,0.0,7.0,82.7,343.0,35.9,4576.0,4.8,25168.0,2.5,2025,137049,3,2025,0.0,0.0,578.9,12313.699999999999,21964.8,62920.0,97777.4,2,-0.105158987110408,2.4570603361296475,4.7066538579820625
2025-02-24,68251.0,347255.0,0.0,0.0,0.0,0.0,5.0,156.5,243.0,53.3,4003.0,6.6,23789.0,2.5,2025,138902,0,2025,0.0,0.0,782.5,12951.9,26419.8,59472.5,99626.7,2,-0.8768182303307418,-3.5292286266116246,-5.062686299433282
2025-02-27,76056.0,389937.5,0.0,0.0,0.0,0.0,7.0,159.6,253.0,65.7,3929.0,7.6,25638.0,2.5,2025,155975,3,2025,0.0,0.0,1117.2,16622.100000000002,29860.399999999998,64095.0,111694.7,2,-0.44794142940407544,-4.815444069842941,-13.610926426715922
2025-03-03,72556.0,369535.0,0.0,0.0,0.0,0.0,10.0,101.3,342.0,41.9,4750.0,5.3,27635.0,2.5,2025,147814,0,2025,0.0,0.0,1013.0,14329.8,25175.0,69087.5,109605.3,3,0.7649816448332201,0.9978266232356638,2.112882879086026
2025-03-06,70862.0,359352.5,0.0,0.0,0.0,0.0,9.0,81.5,304.0,39.2,4439.0,5.1,26041.0,2.5,2025,143741,3,2025,0.0,0.0,733.5,11916.800000000001,22638.899999999998,65102.5,100391.7,3,0.4922551859220665,-0.6275455165767306,-0.64980603984341
2025-03-10,93488.0,459967.5,0.0,0.0,0.0,0.0,11.0,102.1,399.0,45.3,5619.0,5.5,33345.0,2.5,2025,183987,0,2025,0.0,0.0,1123.1,18074.699999999997,30904.5,83362.5,133464.8,3,0.3906551705580097,-0.2173497750830202,-1.5785445091218113
2025-03-13,80405.0,405925.0,0.0,0.0,0.0,0.0,11.0,92.2,378.0,36.3,5386.0,4.8,29931.0,2.5,2025,162370,3,2025,0.0,0.0,1014.2,13721.4,25852.8,74827.5,115415.9,3,0.8069542700428608,1.1689841472042328,4.616768498367521
2025-03-17,81410.0,413890.0,0.0,0.0,0.0,0.0,9.0,137.1,356.0,46.6,4923.0,5.8,29406.0,2.5,2025,165556,0,2025,0.0,0.0,1233.8999999999999,16589.600000000002,28553.399999999998,73515.0,119891.9,3,0.0678055216079598,-0.365392083306592,-3.3797038930264325
2025-03-20,76376.0,389357.5,0.0,0.0,0.0,0.0,6.0,149.6,285.0,51.2,4302.0,6.3,26687.0,2.5,2025,155743,3,2025,0.0,0.0,897.5999999999999,14592.0,27102.6,66717.5,109309.7,3,-0.7915782149591846,-3.0577924341257234,-8.07751036199219
2025-03-24,78508.0,404005.0,0.0,0.0,0.0,0.0,8.0,124.8,358.0,44.7,5299.0,5.3,30455.0,2.5,2025,161602,0,2025,0.0,0.0,998.4,16002.6,28084.7,76137.5,121223.2,3,-0.2008921479524522,0.19758211802304607,3.725261292955613
2025-03-27,81643.0,421027.5,0.0,0.0,0.0,0.0,7.0,97.4,384.0,40.4,5358.0,5.4,30817.0,2.5,2025,168411,3,2025,0.0,0.0,681.8000000000001,15513.599999999999,28933.2,77042.5,122171.1,3,-0.6520122456249071,0.7704203778987582,1.4998215260635743
2025-03-31,90608.0,462590.0,0.0,0.0,0.0,0.0,8.0,119.9,384.0,49.4,5854.0,6.1,32984.0,2.5,2025,185036,0,2025,0.0,0.0,959.2,18969.6,35709.4,82460.0,138098.2,3,-0.5849055875245188,-1.0766078599200304,1.1317195192046496
2025-04-03,83661.0,410200.0,0.0,0.0,0.0,0.0,14.0,76.2,344.0,31.5,5040.0,4.5,29153.0,2.5,2025,164080,3,2025,0.0,0.0,1066.8,10836.0,22680.0,72882.5,107465.3,4,1.787891904614225,-0.8296300881799754,-1.0792983034452184
2025-04-07,91536.0,427260.0,0.0,0.0,1.0,120000.0,9.0,87.3,367.0,38.0,5334.0,4.7,31371.0,2.5,2025,170904,0,2025,0.0,120000.0,785.6999999999999,13946.0,25069.8,78427.5,238229.0,4,-0.02757602074614984,-0.39710431961088705,0.07298312635799024
2025-04-10,86399.0,406125.0,0.0,0.0,0.0,0.0,9.0,71.4,317.0,38.1,4745.0,5.4,28535.0,2.5,2025,162450,3,2025,0.0,0.0,642.6,12077.7,25623.0,71337.5,109680.8,4,0.12463228104501918,-2.0764955192864463,-4.570369881626592
2025-04-14,82301.0,392062.5,0.0,0.0,0.0,0.0,11.0,94.5,389.0,40.7,5075.0,5.4,28840.0,2.5,2025,156825,0,2025,0.0,0.0,1039.5,15832.300000000001,27405.0,72100.0,116376.8,4,0.9231778264975168,2.439696459298738,2.6911176464323754
2025-04-17,77055.0,374095.0,0.0,0.0,0.0,0.0,6.0,99.0,271.0,41.6,4504.0,5.6,26583.0,2.5,2025,149638,3,2025,0.0,0.0,594.0,11273.6,25222.399999999998,66457.5,103547.5,4,-0.692506235048999,-3.1535827935282676,-2.404878186205926
2025-04-21,72490.0,348007.5,0.0,0.0,0.0,0.0,5.0,181.6,207.0,61.9,3799.0,7.2,23374.0,2.5,2025,139203,0,2025,0.0,0.0,908.0,12813.3,27352.8,58435.0,99509.1,4,-0.8817513322775705,-5.626238375873007,-8.347857966848059
2025-04-24,75127.0,367710.0,0.0,0.0,0.0,0.0,7.0,117.2,315.0,41.7,4621.0,5.1,27018.0,2.5,2025,147084,3,2025,0.0,0.0,820.4,13135.5,23567.1,67545.0,105068.0,4,-0.2922683085553858,-0.415714551177366,0.5242905237084552
2025-04-28,78246.0,380655.0,0.0,0.0,0.0,0.0,3.0,102.9,305.0,48.0,4862.0,5.8,27190.0,2.5,2025,152262,0,2025,0.0,0.0,308.70000000000005,14640.0,28199.6,67975.0,111123.3,4,-1.7901583409585984,-1.5785260840559674,1.6882793220435635
2025-05-01,65419.0,317475.0,1.0,7200000.0,0.0,0.0,8.0,81.2,320.0,33.5,4071.0,4.8,23493.0,2.5,2025,126990,3,2025,7200000.0,0.0,649.6,10720.0,19540.8,58732.5,7289642.899999999,5,0.48147822920096217,2.4956802413874692,1.7998349051579792
2025-05-05,81106.0,413007.5,0.0,0.0,0.0,0.0,11.0,102.5,320.0,40.2,4956.0,5.4,29569.0,2.5,2025,165203,0,2025,0.0,0.0,1127.5,12864.0,26762.4,73922.5,114676.4,5,0.7491904787512897,-2.2187983480056315,-2.7603684494552123
2025-05-08,75926.0,385047.5,0.0,0.0,0.0,0.0,9.0,143.3,255.0,59.2,4109.0,6.8,26048.0,2.5,2025,154019,3,2025,0.0,0.0,1289.7,15096.0,27941.2,65120.0,109446.9,5,0.28461706835643963,-4.503344490794462,-10.16403455221218
2025-05-12,75771.0,383575.0,0.0,0.0,0.0,0.0,14.0,90.2,387.0,40.0,4946.0,5.1,28188.0,2.5,2025,153430,0,2025,0.0,0.0,1262.8,15480.0,25224.6,70470.0,112437.4,5,2.0471220326737627,2.7636416016124925,2.3807632219245196
2025-05-15,72731.0,368482.5,0.0,0.0,0.0,0.0,6.0,144.3,312.0,48.5,4346.0,6.3,25286.0,2.5,2025,147393,3,2025,0.0,0.0,865.8000000000001,15132.0,27379.8,63215.0,106592.6,5,-0.6551287254864795,-0.6200783631885891,-3.741964294425111
2025-05-19,89291.0,453660.0,0.0,0.0,0.0,0.0,6.0,129.1,368.0,51.3,5168.0,6.8,30488.0,2.5,2025,181464,0,2025,0.0,0.0,774.5999999999999,18878.399999999998,35142.4,76220.0,131015.4,5,-1.173530904465075,-1.497164600122574,-6.618441250596459
2025-05-22,89238.0,451665.0,0.0,0.0,0.0,0.0,8.0,166.9,405.0,51.6,5264.0,6.5,31278.0,2.5,2025,180666,3,2025,0.0,0.0,1335.2,20898.0,34216.0,78195.0,134644.2,5,-0.5169830699874752,0.44870908575259005,-4.996740849600188
2025-05-26,92482.0,469172.5,0.0,0.0,0.0,0.0,11.0,119.2,382.0,44.9,5510.0,5.6,33177.0,2.5,2025,187669,0,2025,0.0,0.0,1311.2,17151.8,30855.999999999996,82942.5,132261.5,5,0.3248398269257062,-1.4526324948149385,-4.53542444756713
2025-05-29,87704.0,441035.0,0.0,0.0,0.0,0.0,9.0,151.4,302.0,48.7,5056.0,5.7,31922.0,2.5,2025,176414,3,2025,0.0,0.0,1362.6000000000001,14707.400000000001,28819.2,79805.0,124694.20000000001,5,-0.12278155114234901,-4.314566810200935,-6.089791427620942
2025-06-02,99684.0,507232.5,0.0,0.0,0.0,0.0,14.0,84.0,484.0,38.2,6659.0,5.1,36919.0,2.5,2025,202893,0,2025,0.0,0.0,1176.0,18488.800000000003,33960.899999999994,92297.5,145923.2,6,0.9796153813954206,1.8602884350436704,4.251419832381692
2025-06-05,98382.0,499592.5,0.0,0.0,0.0,0.0,5.0,118.0,394.0,44.4,5976.0,5.6,35966.0,2.5,2025,199837,3,2025,0.0,0.0,590.0,17493.6,33465.6,89915.0,141464.2,6,-1.724774280986114,-2.109655609295537,-3.280518674675369
2025-06-09,92598.0,460570.0,0.0,0.0,0.0,0.0,18.0,68.8,508.0,31.6,6451.0,4.2,35443.0,2.5,2025,184228,0,2025,0.0,0.0,1238.3999999999999,16052.800000000001,27094.2,88607.5,132992.9,6,2.623433214180983,5.186127826143839,9.47464149417445
2025-06-12,88788.0,445982.5,0.0,0.0,0.0,0.0,7.0,100.0,391.0,40.1,5556.0,5.3,32353.0,2.5,2025,178393,3,2025,0.0,0.0,700.0,15679.1,29446.8,80882.5,126708.4,6,-0.80580638147845,-0.004886438390855213,-0.08529982438459927
2025-06-16,95142.0,474652.5,0.0,0.0,0.0,0.0,11.0,87.1,433.0,40.2,5966.0,5.3,34117.0,2.5,2025,189861,0,2025,0.0,0.0,958.0999999999999,17406.600000000002,31619.8,85292.5,135277.0,6,0.28628376035527997,0.8224826215915394,0.6096287665631346
2025-06-19,80591.0,403980.0,0.0,0.0,0.0,0.0,9.0,80.2,415.0,35.0,5325.0,4.6,29943.0,2.5,2025,161592,3,2025,0.0,0.0,721.8000000000001,14525.0,24494.999999999996,74857.5,114599.29999999999,6,0.1405234522631451,3.2304697075599043,4.101978198944203
2025-06-23,73159.0,370692.5,0.0,0.0,0.0,0.0,8.0,94.7,348.0,40.6,4832.0,5.4,26859.0,2.5,2025,148277,0,2025,0.0,0.0,757.6,14128.800000000001,26092.800000000003,67147.5,108126.70000000001,6,0.042555453970050366,1.273055670359426,3.1191096250472214
2025-06-26,71768.0,362895.0,0.0,0.0,0.0,0.0,10.0,73.6,389.0,30.7,4927.0,4.2,27686.0,2.5,2025,145158,3,2025,0.0,0.0,736.0,11942.3,20693.4,69215.0,102586.7,6,0.8227714628770747,3.9712313509747887,6.055709733955004
2025-06-30,75607.0,383277.5,0.0,0.0,0.0,0.0,8.0,146.0,311.0,47.0,4501.0,5.7,27217.0,2.5,2025,153311,0,2025,0.0,0.0,1168.0,14617.0,25655.7,68042.5,109483.2,6,-0.05187916062597592,-1.371062517541852,-4.102845033097137
2025-07-03,72486.0,368160.0,0.0,0.0,0.0,0.0,8.0,137.3,336.0,48.6,4374.0,5.9,26301.0,2.5,2025,147264,3,2025,0.0,0.0,1098.4,16329.6,25806.600000000002,65752.5,108987.1,7,0.06194638560325071,0.732576483422433,-3.2634888056752436
2025-07-07,74321.0,374490.0,1.0,7200000.0,0.0,0.0,10.0,74.8,345.0,34.3,4763.0,4.8,27266.0,2.5,2025,149796,0,2025,7200000.0,0.0,748.0,11833.499999999998,22862.399999999998,68165.0,7303608.9,7,0.7225697884985514,0.9168911149944047,1.373425523449757
2025-07-10,78856.0,399320.0,0.0,0.0,0.0,0.0,14.0,103.7,377.0,33.2,5593.0,4.5,30781.0,2.5,2025,159728,3,2025,0.0,0.0,1451.8,12516.400000000001,25168.5,76952.5,116089.2,7,1.8914722498980991,1.434979505679867,8.820755179222537
2025-07-14,86048.0,432212.5,0.0,0.0,0.0,0.0,10.0,95.0,353.0,44.1,5270.0,5.6,30882.0,2.5,2025,172885,0,2025,0.0,0.0,950.0,15567.300000000001,29511.999999999996,77205.0,123234.3,7,0.2677553241038557,-1.3380478748730558,-1.6677614849362257
2025-07-17,82301.0,416030.0,0.0,0.0,0.0,0.0,15.0,81.8,422.0,37.5,5739.0,5.0,31403.0,2.5,2025,166412,3,2025,0.0,0.0,1227.0,15825.0,28695.0,78507.5,124254.5,7,2.0699064564917053,2.996386175745375,7.76160803395806
2025-07-21,78507.0,387955.0,0.0,0.0,0.0,0.0,8.0,79.9,441.0,31.3,5485.0,4.5,29678.0,2.5,2025,155182,0,2025,0.0,0.0,639.2,13803.300000000001,24682.5,74195.0,113320.0,7,-0.08619173718528901,5.4703970828889075,9.441868255690546
2025-07-24,81747.0,408450.0,0.0,0.0,0.0,0.0,4.0,135.5,326.0,47.2,4840.0,6.0,28823.0,2.5,2025,163380,3,2025,0.0,0.0,542.0,15387.2,29040.0,72057.5,117026.7,7,-1.589337340881306,-1.7023600370752328,-3.6178272105605003
2025-07-28,82555.0,413087.5,0.0,0.0,0.0,0.0,8.0,93.0,347.0,42.3,5013.0,5.5,30074.0,2.5,2025,165235,0,2025,0.0,0.0,744.0,14678.099999999999,27571.5,75185.0,118178.6,7,-0.2638292693215487,-0.8021168729283835,-1.9674245666078256
2025-07-31,79784.0,402692.5,0.0,0.0,0.0,0.0,12.0,86.5,384.0,38.2,5039.0,5.3,28654.0,2.5,2025,161077,3,2025,0.0,0.0,1038.0,14668.800000000001,26706.7,71635.0,114048.5,7,1.17545949754906,1.6443162929997572,0.23866440524287938
2025-08-04,84643.0,424067.5,0.0,0.0,0.0,0.0,7.0,135.6,308.0,38.5,5446.0,4.6,31246.0,2.5,2025,169627,0,2025,0.0,0.0,949.1999999999999,11858.0,25051.6,78115.0,115973.8,8,-0.6711957920515655,-3.3161265252693135,2.194124475817581
2025-08-07,84178.0,422377.5,0.0,0.0,0.0,0.0,11.0,108.3,357.0,42.6,5155.0,5.5,30054.0,2.5,2025,168951,3,2025,0.0,0.0,1191.3,15208.2,28352.5,75135.0,119887.0,8,0.6743568068679293,-0.6968442396906168,-1.5798232448176222
2025-08-11,89109.0,447432.5,0.0,0.0,1.0,120000.0,11.0,103.0,469.0,41.4,6105.0,5.2,33316.0,2.5,2025,178973,0,2025,0.0,120000.0,1133.0,19416.6,31746.0,83290.0,255585.6,8,0.48249541499591314,3.8729282101000333,7.135440684626212
2025-08-14,88693.0,446337.5,0.0,0.0,0.0,0.0,3.0,145.5,328.0,52.4,5033.0,6.0,31478.0,2.5,2025,178535,3,2025,0.0,0.0,436.5,17187.2,30198.0,78695.0,126516.7,8,-2.1065160544142714,-3.2085202183423145,-7.267221565838078
2025-08-18,81310.0,398815.0,0.0,0.0,0.0,0.0,9.0,151.8,295.0,64.5,4131.0,7.9,25503.0,2.5,2025,159526,0,2025,0.0,0.0,1366.2,19027.5,32634.9,63757.5,116786.1,8,0.1791414033396012,-2.929972242571644,-12.143653218380194
2025-08-21,82711.0,416625.0,0.0,0.0,0.0,0.0,3.0,109.3,337.0,46.9,4692.0,5.9,29092.0,2.5,2025,166650,3,2025,0.0,0.0,327.9,15805.3,27682.800000000003,72730.0,116546.0,8,-1.9680871532788204,-1.484924277378243,-7.105103130516467
2025-08-25,78410.0,393952.5,0.0,0.0,0.0,0.0,4.0,191.8,304.0,52.6,4551.0,6.4,27381.0,2.5,2025,157581,0,2025,0.0,0.0,767.2,15990.4,29126.4,68452.5,114336.5,8,-1.5118160055634073,-2.2335867337695667,-5.251879235157302
2025-08-28,79479.0,402407.5,0.0,0.0,0.0,0.0,8.0,132.4,317.0,41.5,4982.0,4.8,30077.0,2.5,2025,160963,3,2025,0.0,0.0,1059.2,13155.5,23913.6,75192.5,113320.8,8,-0.1896789521606239,-1.9123338443858444,-0.5277114998989634
2025-09-01,84986.0,428047.5,0.0,0.0,0.0,0.0,7.0,162.8,272.0,58.4,4514.0,6.8,28847.0,2.5,2025,171219,0,2025,0.0,0.0,1139.6000000000001,15884.8,30695.2,72117.5,119837.1,9,-0.6961172556279169,-5.341174563797578,-11.465611432482515
2025-09-04,79839.0,403000.0,0.0,0.0,0.0,0.0,9.0,116.7,337.0,44.1,5145.0,5.4,29586.0,2.5,2025,161200,3,2025,0.0,0.0,1050.3,14861.7,27783.000000000004,73965.0,117660.0,9,0.14781217888740739,-0.8735442611324316,1.7026395690840201
2025-09-08,79949.0,406077.5,0.0,0.0,0.0,0.0,10.0,102.2,355.0,36.1,5343.0,4.9,29944.0,2.5,2025,162431,0,2025,0.0,0.0,1022.0,12815.5,26180.7,74860.0,114878.2,9,0.4653412790747625,-0.058490205266112275,3.9748801102918634
2025-09-11,75302.0,379882.5,0.0,0.0,0.0,0.0,7.0,128.2,317.0,41.2,4901.0,5.0,27481.0,2.5,2025,151953,3,2025,0.0,0.0,897.3999999999999,13060.400000000001,24505.0,68702.5,107165.3,9,-0.3786097609607316,-0.8847856354217085,2.407842207481468
2025-09-15,76396.0,383667.5,0.0,0.0,0.0,0.0,5.0,83.7,361.0,33.0,4963.0,4.6,28194.0,2.5,2025,153467,0,2025,0.0,0.0,418.5,11913.0,22829.8,70485.0,105646.3,9,-1.1052272445104605,1.3398585591627348,2.61321204427226
2025-09-18,72796.0,364020.0,0.0,0.0,0.0,0.0,5.0,149.3,286.0,53.7,4091.0,6.9,24509.0,2.5,2025,145608,3,2025,0.0,0.0,746.5,15358.2,28227.9,61272.5,105605.1,9,-0.984511199423816,-1.8614139659624862,-6.770576148275891
2025-09-22,74469.0,373337.5,0.0,0.0,0.0,0.0,15.0,80.5,344.0,39.3,4826.0,5.2,26871.0,2.5,2025,149335,0,2025,0.0,0.0,1207.5,13519.199999999999,25095.2,67177.5,106999.4,9,2.50722306413201,0.918895305637163,2.527551202395146
2025-09-25,74337.0,375585.0,0.0,0.0,0.0,0.0,9.0,66.2,414.0,32.9,5355.0,4.5,28218.0,2.5,2025,150234,3,2025,0.0,0.0,595.8000000000001,13620.599999999999,24097.5,70545.0,108858.9,9,0.359372618943291,4.6687574388901165,9.956478389146492
2025-09-29,85786.0,444195.0,0.0,0.0,0.0,0.0,4.0,132.3,323.0,44.5,5128.0,5.4,31068.0,2.5,2025,177678,0,2025,0.0,0.0,529.2,14373.5,27691.2,77670.0,120263.9,9,-1.7713407985640761,-3.374564643595717,-5.623263618299997
2025-10-02,135043.0,784005.0,0.0,0.0,0.0,0.0,27.0,363.2,900.0,23.9,10913.0,3.9,60521.0,2.5,2025,313602,3,2025,0.0,0.0,9806.4,21510.0,42560.7,151302.5,225179.6,10,2.5310555174445275,8.112473958074958,11.66077317804528
2025-10-06,153776.0,888825.0,0.0,0.0,0.0,0.0,18.0,668.1,678.0,44.7,10508.0,6.2,62843.0,2.5,2025,355530,0,2025,0.0,0.0,12025.800000000001,30306.600000000002,65149.6,157107.5,264589.5,10,-0.20601519715915378,-3.637411504270246,-5.5712340373567
2025-10-09,144112.0,842507.5,0.0,0.0,0.0,0.0,19.0,474.5,866.0,32.0,10948.0,4.8,62310.0,2.5,2025,337003,3,2025,0.0,0.0,9015.5,27712.0,52550.4,155775.0,245052.9,10,0.2573623641337969,4.684012315567232,4.363954498354533
2025-10-13,140596.0,805455.0,0.0,0.0,0.0,0.0,21.0,412.0,796.0,28.6,10187.0,4.5,58830.0,2.5,2025,322182,0,2025,0.0,0.0,8652.0,22765.600000000002,45841.5,147075.0,224334.1,10,0.9369137968144157,3.377705834989791,1.433544183302957
2025-10-16,126465.0,722492.5,0.0,0.0,0.0,0.0,11.0,758.7,552.0,42.3,8541.0,5.7,51419.0,2.5,2025,288997,3,2025,0.0,0.0,8345.7,23349.6,48683.700000000004,128547.5,208926.5,10,-1.1123847230255939,-3.244480881028993,-5.02894556292148
2025-10-20,126167.0,710350.0,0.0,0.0,0.0,0.0,14.0,471.7,568.0,34.4,8507.0,5.2,50290.0,2.5,2025,284140,0,2025,0.0,0.0,6603.8,19539.2,44236.4,125725.0,196104.4,10,-0.2834087084564609,-2.2032246028951885,-3.8041139093836653
2025-10-23,117551.0,655487.5,0.0,0.0,0.0,0.0,18.0,474.7,531.0,31.7,8280.0,4.7,48467.0,2.5,2025,262195,3,2025,0.0,0.0,8544.6,16832.7,38916.0,121167.5,185460.8,10,1.0889803652248242,-1.8296434346577102,1.1776585155181194
2025-10-27,122414.0,683217.5,0.0,0.0,0.0,0.0,17.0,535.3,636.0,34.0,9325.0,4.7,50866.0,2.5,2025,273287,0,2025,0.0,0.0,9100.099999999999,21624.0,43827.5,127165.0,201716.6,10,0.6495670562599629,1.507721702024921,8.84844083261467
2025-10-30,116353.0,655410.0,0.0,0.0,0.0,0.0,16.0,389.8,598.0,31.9,7976.0,5.0,46604.0,2.5,2025,262164,3,2025,0.0,0.0,6236.8,19076.2,39880.0,116510.0,181703.0,10,0.5536723245661751,0.9708548712680979,-2.2274952933380097
2025-11-03,119853.0,661452.5,0.0,0.0,0.0,0.0,18.0,451.2,615.0,30.2,8995.0,4.6,49447.0,2.5,2025,264581,0,2025,0.0,0.0,8121.599999999999,18573.0,41377.0,123617.5,191689.1,11,1.0502413392486825,1.4527862828348725,8.33793651297791
2025-11-06,117862.0,655215.0,0.0,0.0,0.0,0.0,8.0,576.2,490.0,38.1,7468.0,5.3,46394.0,2.5,2025,262086,3,2025,0.0,0.0,4609.6,18669.0,39580.4,115985.0,178844.0,11,-1.5887086975363582,-3.532365833432797,-7.909800828132274
2025-11-10,114422.0,626782.5,0.0,0.0,0.0,0.0,23.0,293.7,734.0,27.9,8619.0,4.3,47235.0,2.5,2025,250713,0,2025,0.0,0.0,6755.099999999999,20478.6,37061.7,118087.5,182382.9,11,2.650600236360409,7.872049906195002,9.213541796198845
2025-11-13,103453.0,560335.0,0.0,0.0,1.0,120000.0,10.0,468.4,445.0,30.1,7129.0,4.2,41872.0,2.5,2025,224134,3,2025,0.0,120000.0,4684.0,13394.5,29941.800000000003,104680.0,272700.3,11,-0.5540350081757978,-2.094413513358268,1.708024532205542
2025-11-17,111186.0,602472.5,0.0,0.0,0.0,0.0,27.0,243.6,708.0,26.7,8141.0,4.5,44902.0,2.5,2025,240989,0,2025,0.0,0.0,6577.2,18903.6,36634.5,112255.0,174370.3,11,3.965675263901898,7.825391044564367,7.348772982951466
2025-11-20,102991.0,554072.5,0.0,0.0,0.0,0.0,15.0,482.1,461.0,30.9,7066.0,4.7,41597.0,2.5,2025,221629,3,2025,0.0,0.0,7231.5,14244.9,33210.200000000004,103992.5,158679.1,11,0.9385264972745377,-1.1301423887775548,1.9022629126169524
2025-11-24,107379.0,582400.0,0.0,0.0,0.0,0.0,10.0,500.3,500.0,31.8,7228.0,4.7,41537.0,2.5,2025,232960,0,2025,0.0,0.0,5003.0,15900.0,33971.6,103842.5,158717.1,11,-0.6767525347724974,-0.4751151150032235,-0.4249842935065483
2025-11-27,104002.0,564922.5,0.0,0.0,0.0,0.0,14.0,622.3,466.0,39.6,6738.0,5.5,40341.0,2.5,2025,225969,3,2025,0.0,0.0,8712.199999999999,18453.600000000002,37059.0,100852.5,165077.3,11,0.5743427761335881,-1.3222993648710415,-3.7239720198048363
2025-12-01,116275.0,634175.0,0.0,0.0,0.0,0.0,19.0,351.4,632.0,29.5,8400.0,4.5,46463.0,2.5,2025,253670,0,2025,0.0,0.0,6676.599999999999,18644.0,37800.0,116157.5,179278.1,12,1.5028822230201053,3.220822698577486,5.604640750412561
2025-12-04,107061.0,580047.5,0.0,0.0,0.0,0.0,13.0,809.0,488.0,47.0,6583.0,6.5,40007.0,2.5,2025,232019,3,2025,0.0,0.0,10517.0,22936.0,42789.5,100017.5,176260.0,12,0.1904571996648083,-0.9171579788331264,-7.779794320225576
2025-12-08,109505.0,590837.5,0.0,0.0,0.0,0.0,23.0,269.4,658.0,20.0,8723.0,3.3,46693.0,2.5,2025,236335,0,2025,0.0,0.0,6196.2,13160.0,28785.899999999998,116732.5,164874.6,12,2.9456566924843064,6.151781295244273,16.026319697183403
2025-12-11,104687.0,565907.5,0.0,0.0,0.0,0.0,9.0,557.2,523.0,36.2,7215.0,5.2,40610.0,2.5,2025,226363,3,2025,0.0,0.0,5014.8,18932.600000000002,37518.0,101525.0,162990.4,12,-0.8737712329174293,1.2015423542883663,1.899133149500149
2025-12-15,102403.0,553822.5,0.0,0.0,0.0,0.0,11.0,517.6,454.0,35.8,6496.0,5.0,40308.0,2.5,2025,221529,0,2025,0.0,0.0,5693.6,16253.199999999999,32480.0,100770.0,155196.8,12,-0.22548882505974804,-1.438423189094894,-5.027080538803939
2025-12-18,98668.0,534742.5,0.0,0.0,0.0,0.0,17.0,325.8,574.0,24.3,7593.0,3.7,41969.0,2.5,2025,213897,3,2025,0.0,0.0,5538.6,13948.2,28094.100000000002,104922.5,152503.40000000002,12,1.6704175029095518,4.857214332479896,11.491699502709569
2025-12-22,105085.0,573732.5,0.0,0.0,0.0,0.0,8.0,625.8,426.0,37.4,6802.0,5.4,40776.0,2.5,2025,229493,0,2025,0.0,0.0,5006.4,15932.4,36730.8,101940.0,159609.6,12,-1.2017681110087295,-3.4421674294785873,-4.24627815540527
2025-12-25,94716.0,514490.0,0.0,0.0,0.0,0.0,10.0,523.5,388.0,34.1,6289.0,4.6,38325.0,2.5,2025,205796,3,2025,0.0,0.0,5235.0,13230.800000000001,28929.399999999998,95812.5,143207.7,12,-0.28348863551450443,-2.977394617809761,-1.6193997965610467
2025-12-29,106479.0,579917.5,0.0,0.0,0.0,0.0,8.0,370.2,480.0,30.4,7482.0,4.5,42594.0,2.5,2025,231967,0,2025,0.0,0.0,2961.6,14592.0,33669.0,106485.0,157707.6,12,-1.232791231461555,-1.2673406173198902,2.9783048336157547
2026-01-01,102787.0,559780.0,0.0,0.0,0.0,0.0,11.0,434.6,533.0,31.7,7218.0,4.8,40826.0,2.5,2026,223912,3,2026,0.0,0.0,4780.6,16896.1,34646.4,102065.0,158388.1,1,-0.26100025691778433,1.9027327580127877,2.8751992655223244
2026-01-05,104373.0,557605.0,0.0,0.0,0.0,0.0,8.0,633.1,560.0,40.5,6992.0,5.8,40462.0,2.5,2026,223042,0,2026,0.0,0.0,5064.8,22680.0,40553.6,101155.0,169453.4,1,-1.1194402194009365,3.215134116250022,0.45795806346026524
2026-01-08,99546.0,535647.5,0.0,0.0,0.0,0.0,4.0,589.2,386.0,38.9,6145.0,5.6,37115.0,2.5,2026,214259,3,2026,0.0,0.0,2356.8,15015.4,34412.0,92787.5,144571.7,1,-2.189210025311348,-3.867388723370856,-6.6569903244028685
2026-01-12,98987.0,528955.0,0.0,0.0,0.0,0.0,17.0,324.0,532.0,27.4,7134.0,4.3,39593.0,2.5,2026,211582,0,2026,0.0,0.0,5508.0,14576.8,30676.199999999997,98982.5,149743.5,1,1.7162223817497322,3.1673805893536064,6.715907395580795
2026-01-15,92434.0,491170.0,0.0,0.0,0.0,0.0,12.0,602.1,443.0,35.1,6308.0,5.1,35207.0,2.5,2026,196468,3,2026,0.0,0.0,7225.200000000001,15549.300000000001,32170.8,88017.5,142962.8,1,0.4822328081011144,0.5922061025782415,2.3645900270300775
2026-01-19,98034.0,520432.5,0.0,0.0,0.0,0.0,13.0,504.8,479.0,32.1,6379.0,4.8,37417.0,2.5,2026,208173,0,2026,0.0,0.0,6562.400000000001,15375.900000000001,30619.199999999997,93542.5,146100.0,1,0.5820970578673036,1.0598007265691998,-1.4098041898261355
2026-01-22,91613.0,482322.5,0.0,0.0,0.0,0.0,10.0,357.7,463.0,25.8,6305.0,4.1,36036.0,2.5,2026,192929,3,2026,0.0,0.0,3577.0,11945.4,25850.499999999996,90090.0,131462.9,1,-0.07922386450352586,1.948824221469424,3.792311384755964
2026-01-26,100384.0,529997.5,0.0,0.0,0.0,0.0,16.0,541.9,475.0,40.8,6327.0,5.7,36780.0,2.5,2026,211999,0,2026,0.0,0.0,8670.4,19380.0,36063.9,91950.0,156064.3,1,1.4100082922659078,0.47494894124040793,-3.537532619322288
2026-01-29,91902.0,486675.0,0.0,0.0,0.0,0.0,6.0,532.6,386.0,35.7,6044.0,4.8,35964.0,2.5,2026,194670,3,2026,0.0,0.0,3195.6000000000004,13780.2,29011.2,89910.0,135897.0,1,-1.3512368774583068,-1.9762093878658444,-0.3361261755141962
2026-02-02,99065.0,533940.0,0.0,0.0,0.0,0.0,8.0,593.4,449.0,34.5,6458.0,4.9,38620.0,2.5,2026,213576,0,2026,0.0,0.0,4747.2,15490.5,31644.2,96550.0,148431.9,2,-0.994650308245572,-0.8896334535081866,-2.5056812241045208
2026-02-05,96625.0,516067.5,0.0,0.0,0.0,0.0,14.0,677.1,440.0,39.4,6533.0,5.5,38278.0,2.5,2026,206427,3,2026,0.0,0.0,9479.4,17336.0,35931.5,95695.0,158441.9,2,0.9144868417612732,-0.5908854928300707,1.2238536453460072
2026-02-09,99190.0,528362.5,0.0,0.0,0.0,0.0,14.0,291.2,497.0,27.8,6885.0,4.4,38754.0,2.5,2026,211345,0,2026,0.0,0.0,4076.7999999999997,13816.6,30294.000000000004,96885.0,145072.40000000002,2,0.8257930304731156,1.5655413123041249,3.695815189744988
2026-02-12,95743.0,505755.0,0.0,0.0,0.0,0.0,6.0,839.6,408.0,48.3,5593.0,6.4,34207.0,2.5,2026,202302,3,2026,0.0,0.0,5037.6,19706.399999999998,35795.200000000004,85517.5,146056.7,2,-1.449209655038139,-1.688147783757027,-9.143019637036748
2026-02-16,101500.0,536950.0,0.0,0.0,0.0,0.0,19.0,369.2,526.0,29.6,6976.0,4.6,39593.0,2.5,2026,214780,0,2026,0.0,0.0,7014.8,15569.6,32089.6,98982.5,153656.5,2,2.245065023312676,2.543451051498901,3.4662283996902374
2026-02-19,92710.0,486540.0,0.0,0.0,0.0,0.0,5.0,723.3,358.0,46.2,5488.0,6.0,35097.0,2.5,2026,194616,3,2026,0.0,0.0,3616.5,16539.600000000002,32928.0,87742.5,140826.6,2,-1.6614752092117804,-3.327784687144937,-7.56570133414492
2026-02-23,102844.0,542637.5,0.0,0.0,0.0,0.0,14.0,406.0,462.0,32.7,6880.0,4.7,39123.0,2.5,2026,217055,0,2026,0.0,0.0,5684.0,15107.400000000001,32336.0,97807.5,150934.9,2,0.7255067840032084,-0.6359019153346969,1.3864280265607403
2026-02-26,94976.0,499617.5,0.0,0.0,0.0,0.0,13.0,532.6,417.0,34.5,6432.0,4.8,36776.0,2.5,2026,199847,3,2026,0.0,0.0,6923.8,14386.5,30873.6,91940.0,144123.9,2,0.7298803383681236,-1.0106264353647596,2.5844628868012314
2026-03-02,95887.0,506380.0,0.0,0.0,0.0,0.0,6.0,564.0,416.0,34.8,6388.0,5.0,36630.0,2.5,2026,202552,0,2026,0.0,0.0,3384.0,14476.8,31940.0,91575.0,141375.8,3,-1.4523647489681701,-1.3330893631499783,0.9264061647708921
2026-03-05,93735.0,494390.0,0.0,0.0,0.0,0.0,15.0,586.5,389.0,43.4,5843.0,6.1,34137.0,2.5,2026,197756,3,2026,0.0,0.0,8797.5,16882.6,35642.299999999996,85342.5,146664.9,3,1.3849386093411802,-2.1417737532465244,-4.1790227898165515
2026-03-09,93611.0,493380.0,0.0,0.0,0.0,0.0,13.0,723.7,350.0,52.7,5022.0,7.3,31845.0,2.5,2026,197352,0,2026,0.0,0.0,9408.1,18445.0,36660.6,79612.5,144126.2,3,0.7754247080066986,-3.978350593352718,-14.653352624876762
2026-03-12,90232.0,475110.0,0.0,0.0,0.0,0.0,5.0,724.1,351.0,44.8,5574.0,6.0,33282.0,2.5,2026,190044,3,2026,0.0,0.0,3620.5,15724.8,33444.0,83205.0,135994.3,3,-1.6048824169610412,-3.219295836856212,-4.6396647370301665
2026-03-16,95410.0,498795.0,0.0,0.0,0.0,0.0,6.0,684.3,365.0,43.6,5550.0,6.2,34223.0,2.5,2026,199518,0,2026,0.0,0.0,4105.799999999999,15914.0,34410.0,85557.5,139987.3,3,-1.4138462784531307,-3.465996805876948,-8.642339204483145
2026-03-19,86024.0,445317.5,0.0,0.0,0.0,0.0,18.0,524.6,337.0,34.9,5202.0,5.1,32011.0,2.5,2026,178127,3,2026,0.0,0.0,9442.800000000001,11761.3,26530.199999999997,80027.5,127761.79999999999,3,2.773369788498149,-2.710946337402833,-4.798216086945753
2026-03-23,87685.0,458185.0,0.0,0.0,0.0,0.0,14.0,422.2,384.0,29.7,5925.0,4.6,33098.0,2.5,2026,183274,0,2026,0.0,0.0,5910.8,11404.8,27254.999999999996,82745.0,127315.59999999999,3,1.3648172442153674,-0.8888472455693137,2.82973321770893
2026-03-26,84322.0,440877.5,0.0,0.0,0.0,0.0,6.0,990.5,336.0,47.9,4739.0,6.6,29561.0,2.5,2026,176351,3,2026,0.0,0.0,5943.0,16094.4,31277.399999999998,73902.5,127217.3,3,-1.101657092468043,-2.577240044010549,-10.407186563879536
2026-03-30,88498.0,466767.5,0.0,0.0,0.0,0.0,9.0,481.8,428.0,32.6,5895.0,4.9,34000.0,2.5,2026,186707,0,2026,0.0,0.0,4336.2,13952.800000000001,28885.500000000004,85000.0,132174.5,3,-0.29301495719237564,0.9241385067463654,0.9788207123945364
2026-04-02,107024.0,573915.0,0.0,0.0,0.0,0.0,14.0,472.4,542.0,30.9,7886.0,4.6,43051.0,2.5,2026,229566,3,2026,0.0,0.0,6613.599999999999,16747.8,36275.6,107627.5,167264.5,4,0.5150936645627003,1.7276368460126033,8.744250041613869
2026-04-06,91938.0,464435.0,0.0,0.0,0.0,0.0,16.0,559.8,362.0,36.1,5786.0,5.1,33301.0,2.5,2026,185774,0,2026,0.0,0.0,8956.8,13068.2,29508.6,83252.5,134786.1,4,1.9498304889935532,-2.2460502811802114,-0.08543370776863393
2026-04-09,95989.0,475355.0,0.0,0.0,0.0,0.0,17.0,291.8,548.0,21.2,7351.0,3.4,37554.0,2.5,2026,190142,3,2026,0.0,0.0,4960.6,11617.6,24993.399999999998,93885.0,135456.6,4,2.168855388690239,6.430411588635731,18.768359672380583
2026-04-13,90372.0,438157.5,0.0,0.0,0.0,0.0,17.0,400.0,418.0,28.8,5792.0,4.4,32550.0,2.5,2026,175263,0,2026,0.0,0.0,6800.0,12038.4,25484.800000000003,81375.0,125698.20000000001,4,2.5181512969825395,1.7244521614117199,4.498665946397371
2026-04-16,85937.0,420922.5,0.0,0.0,0.0,0.0,5.0,728.5,251.0,43.5,4799.0,5.6,30486.0,2.5,2026,168369,3,2026,0.0,0.0,3642.5,10918.5,26874.399999999998,76215.0,117650.4,4,-1.3199519527619372,-6.154858729376821,-6.319937255625856
2026-04-20,87201.0,427247.5,0.0,0.0,0.0,0.0,10.0,314.9,401.0,26.6,5615.0,4.3,31642.0,2.5,2026,170899,0,2026,0.0,0.0,3149.0,10666.6,24144.5,79105.0,117065.1,4,0.30433031714177644,1.3619174800765146,3.986067060563539
2026-04-23,87461.0,424227.5,0.0,0.0,1.0,120000.0,15.0,268.0,531.0,19.2,6549.0,3.2,33789.0,2.5,2026,169691,3,2026,0.0,120000.0,4020.0,10195.199999999999,20956.800000000003,84472.5,239644.5,4,1.9917785142022146,8.251629084360369,17.57176149089429
2026-04-27,85600.0,421270.0,0.0,0.0,0.0,0.0,6.0,552.5,335.0,40.3,4971.0,5.8,29901.0,2.5,2026,168508,0,2026,0.0,0.0,3315.0,13500.499999999998,28831.8,74752.5,120399.8,4,-0.987711672896021,-1.7930459810310153,-3.9672841205042912
2026-04-30,86477.0,434280.0,0.0,0.0,0.0,0.0,10.0,300.0,496.0,20.8,6289.0,3.5,33143.0,2.5,2026,173712,3,2026,0.0,0.0,3000.0,10316.800000000001,22011.5,82857.5,118185.8,4,0.2526513790659608,5.907884849663358,12.04722966825939
2026-05-04,73657.0,367535.0,0.0,0.0,0.0,0.0,6.0,573.4,357.0,37.9,4573.0,5.7,26241.0,2.5,2026,147014,0,2026,0.0,0.0,3440.3999999999996,13530.3,26066.100000000002,65602.5,108639.3,5,-0.6487663354506936,1.9347793816671564,-0.16311651629425594
2026-05-07,84935.0,434622.5,0.0,0.0,0.0,0.0,7.0,474.3,346.0,34.6,5149.0,5.1,30856.0,2.5,2026,173849,3,2026,0.0,0.0,3320.1,11971.6,26259.899999999998,77140.0,118691.6,5,-0.7368173798271875,-1.8016570571633836,-3.747609367290489
2026-05-11,79695.0,403072.5,0.0,0.0,0.0,0.0,7.0,555.9,327.0,38.7,4846.0,5.5,28960.0,2.5,2026,161229,0,2026,0.0,0.0,3891.2999999999997,12654.900000000001,26653.0,72400.0,115599.2,5,-0.5359764194874321,-1.409329379142077,-2.594882049488184
2026-05-14,72239.0,360935.0,0.0,0.0,0.0,0.0,20.0,224.2,501.0,17.4,5903.0,3.0,28577.0,2.5,2026,144374,3,2026,0.0,0.0,4484.0,8717.4,17709.0,71442.5,102352.9,5,4.450200864431814,10.3809863726437,21.2213514154565
2026-05-18,78832.0,400630.0,0.0,0.0,0.0,0.0,5.0,515.1,329.0,32.6,5189.0,4.5,30176.0,2.5,2026,160252,0,2026,0.0,0.0,2575.5,10725.4,23350.5,75440.0,112091.4,5,-1.2051432841935126,-1.1924000712858194,2.764905792060054
2026-05-21,74736.0,378032.5,0.0,0.0,1.0,120000.0,10.0,498.6,283.0,41.4,4482.0,5.7,26636.0,2.5,2026,151213,3,2026,0.0,120000.0,4986.0,11716.199999999999,25547.4,66590.0,228839.6,5,0.6926101520778887,-2.6671717409582527,-3.444444843602228
2026-05-25,72367.0,361877.5,0.0,0.0,0.0,0.0,16.0,285.7,397.0,25.6,5017.0,4.1,27092.0,2.5,2026,144751,0,2026,0.0,0.0,4571.2,10163.2,20569.699999999997,67730.0,103034.1,5,2.9949971920793774,4.476529351807136,7.617175444877249
2026-05-28,78159.0,400167.5,0.0,0.0,0.0,0.0,6.0,499.2,320.0,34.7,4916.0,4.8,28769.0,2.5,2026,160067,3,2026,0.0,0.0,2995.2,11104.0,23596.8,71922.5,109618.5,5,-0.8596062551116638,-1.652381184369138,-1.0765707372952795
2026-06-01,80924.0,415000.0,0.0,0.0,0.0,0.0,9.0,616.2,372.0,37.9,4755.0,5.9,28757.0,2.5,2026,166000,0,2026,0.0,0.0,5545.8,14098.8,28054.5,71892.5,119591.6,6,0.05977000686222,0.4236488880699809,-5.943128614156789
2026-06-04,82419.0,420622.5,0.0,0.0,0.0,0.0,12.0,473.9,321.0,37.9,4887.0,5.4,29314.0,2.5,2026,168249,3,2026,0.0,0.0,5686.799999999999,12165.9,26389.800000000003,73285.0,117527.5,6,1.0226607808945436,-2.4945801722703123,-5.035329845085872
2026-06-08,86233.0,438122.5,0.0,0.0,0.0,0.0,8.0,482.8,377.0,34.2,5655.0,4.9,31971.0,2.5,2026,175249,0,2026,0.0,0.0,3862.4,12893.400000000001,27709.500000000004,79927.5,124392.8,6,-0.4305749581041576,-0.36792541056732087,2.621914170395728
2026-06-11,84236.0,430892.5,0.0,0.0,0.0,0.0,8.0,562.8,334.0,38.5,4969.0,5.5,29892.0,2.5,2026,172357,3,2026,0.0,0.0,4502.4,12859.0,27329.5,74730.0,119420.9,6,-0.38338714884612657,-2.258985768860287,-5.613669939457904
2026-06-15,78838.0,398535.0,0.0,0.0,0.0,0.0,7.0,464.7,357.0,32.5,5021.0,4.8,29579.0,2.5,2026,159414,0,2026,0.0,0.0,3252.9,11602.5,24100.8,73947.5,112903.7,6,-0.505877917036579,0.4022535450839661,0.7277301346407014
2026-06-18,72849.0,368585.0,0.0,0.0,0.0,0.0,5.0,523.3,350.0,32.1,4932.0,4.6,28427.0,2.5,2026,147434,3,2026,0.0,0.0,2616.5,11235.0,22687.199999999997,71067.5,107606.2,6,-1.0130655787107727,1.490966753224143,5.020327866733127
2026-06-22,72596.0,365362.5,0.0,0.0,0.0,0.0,8.0,571.8,334.0,39.6,4478.0,5.5,26386.0,2.5,2026,146145,0,2026,0.0,0.0,4574.4,13226.4,24629.0,65965.0,108394.8,6,0.08352290801794615,0.7607234608007505,-1.1855979150578104
2026-06-25,69388.0,350442.5,0.0,0.0,0.0,0.0,3.0,748.5,319.0,38.2,4234.0,5.3,25353.0,2.5,2026,140177,3,2026,0.0,0.0,2245.5,12185.800000000001,22440.2,63382.5,100254.0,6,-1.630409030061924,0.6673229484695647,-2.1006407536208465
2026-06-29,72069.0,365935.0,0.0,0.0,0.0,0.0,9.0,508.9,283.0,33.9,4721.0,4.9,27645.0,2.5,2026,146374,0,2026,0.0,0.0,4580.099999999999,9593.699999999999,23132.9,69112.5,106419.2,6,0.4376345416972936,-2.118038903115493,2.36234956715034
2026-07-02,72457.0,367267.5,0.0,0.0,0.0,0.0,9.0,434.1,353.0,31.2,4689.0,4.7,27120.0,2.5,2026,146907,3,2026,0.0,0.0,3906.9,11013.6,22038.3,67800.0,104758.8,7,0.42670177186329616,1.7254372079144829,1.6282246843597454
2026-07-06,75896.0,382632.5,0.0,0.0,0.0,0.0,6.0,397.1,356.0,29.0,5238.0,4.1,29535.0,2.5,2026,153053,0,2026,0.0,0.0,2382.6000000000004,10324.0,21475.8,73837.5,108019.9,7,-0.748375733188065,1.1180147751310452,6.85098021879365
2026-07-09,72796.0,364875.0,0.0,0.0,0.0,0.0,4.0,493.4,314.0,33.9,4316.0,5.1,25431.0,2.5,2026,145950,3,2026,0.0,0.0,1973.6,10644.6,22011.6,63577.5,98207.3,7,-1.3489446097963886,-0.3341557019176364,-3.534622749360585
2026-07-13,74762.0,375195.0,0.0,0.0,0.0,0.0,7.0,365.5,380.0,23.9,5110.0,3.8,28900.0,2.5,2026,150078,0,2026,0.0,0.0,2558.5,9082.0,19418.0,72250.0,103308.5,7,-0.34568207233476317,2.8135788321731288,6.395167830328743
2026-07-16,71573.0,357945.0,0.0,0.0,0.0,0.0,6.0,680.5,309.0,34.9,4404.0,5.2,25717.0,2.5,2026,143178,3,2026,0.0,0.0,4083.0,10784.1,22900.8,64292.5,102060.4,7,-0.5834914292543383,-0.27651121757608754,-0.9163555605363312
2026-07-20,71411.0,356230.0,0.0,0.0,0.0,0.0,13.0,440.9,429.0,30.8,4995.0,4.5,26818.0,2.5,2026,142492,0,2026,0.0,0.0,5731.7,13213.2,22477.5,67045.0,108467.4,7,1.9720977069577144,6.604886627137213,8.415574580466645
2026-07-23,66916.0,329220.0,0.0,0.0,0.0,0.0,10.0,441.1,295.0,33.7,4183.0,4.7,23895.0,2.5,2026,131688,3,2026,0.0,0.0,4411.0,9941.5,19660.100000000002,59737.5,93750.1,7,1.1344387201583503,0.3709672761038644,1.220710984194913
2026-07-27,72877.0,363907.5,0.0,0.0,0.0,0.0,7.0,425.9,333.0,30.0,4645.0,4.5,26449.0,2.5,2026,145563,0,2026,0.0,0.0,2981.2999999999997,9990.0,20902.5,66122.5,99996.3,7,-0.26472724344024406,0.7777062218221863,1.6041407714100024
2026-07-30,70983.0,353470.0,0.0,0.0,0.0,0.0,8.0,404.0,336.0,32.0,4540.0,5.0,25493.0,2.5,2026,141388,3,2026,0.0,0.0,3232.0,10752.0,22700.0,63732.5,100416.5,7,0.17714790076178463,1.480140094591772,2.01288047159818
2026-08-03,73679.0,365930.0,0.0,0.0,0.0,0.0,11.0,473.9,304.0,31.6,4528.0,4.6,27007.0,2.5,2026,146372,0,2026,0.0,0.0,5212.9,9606.4,20828.8,67517.5,103165.6,8,1.154761956220752,-0.9442253738508959,-0.5391809934079705
2026-08-06,80216.0,401747.5,0.0,0.0,0.0,0.0,9.0,518.6,338.0,29.6,4957.0,4.6,29377.0,2.5,2026,160699,3,2026,0.0,0.0,4667.400000000001,10004.800000000001,22802.199999999997,73442.5,110916.9,8,0.15715378344033298,-0.7629877864990531,-0.7688192147581422
2026-08-10,79328.0,398272.5,0.0,0.0,0.0,0.0,4.0,397.2,347.0,27.5,5256.0,4.0,29899.0,2.5,2026,159309,0,2026,0.0,0.0,1588.8,9542.5,21024.0,74747.5,106902.8,8,-1.5351572843209504,-0.12096033153729129,4.162741718595822
2026-08-13,74511.0,372275.0,0.0,0.0,0.0,0.0,16.0,364.5,423.0,31.6,5165.0,5.0,27027.0,2.5,2026,148910,3,2026,0.0,0.0,5832.0,13366.800000000001,25825.0,67567.5,112591.3,8,2.8743022967542764,5.348952393459879,7.783248821968479
2026-08-17,73315.0,363880.0,0.0,0.0,1.0,120000.0,10.0,452.4,365.0,28.4,5251.0,4.3,27987.0,2.5,2026,145552,0,2026,0.0,120000.0,4524.0,10366.0,22579.3,69967.5,227436.8,8,0.8141280703149175,2.5724343641330876,10.748509885562274
2026-08-20,72706.0,360475.0,0.0,0.0,0.0,0.0,6.0,584.3,268.0,39.4,4391.0,5.2,26689.0,2.5,2026,144190,3,2026,0.0,0.0,3505.7999999999997,10559.199999999999,22833.2,66722.5,103620.7,8,-0.6008698785196176,-2.709014902795327,-1.5882223830796052
2026-08-24,73420.0,367580.0,0.0,0.0,0.0,0.0,14.0,289.6,394.0,24.7,5258.0,4.0,28041.0,2.5,2026,147032,0,2026,0.0,0.0,4054.4000000000005,9731.8,21032.0,70102.5,104920.7,8,2.2128314183613056,3.995555908461131,10.106889388367547
2026-08-27,71847.0,358685.0,0.0,0.0,0.0,0.0,6.0,670.0,311.0,43.6,4439.0,5.9,25624.0,2.5,2026,143474,3,2026,0.0,0.0,4020.0,13559.6,26190.100000000002,64060.0,107829.7,8,-0.5885863716084577,-0.1999626850356469,-0.5239542647240086
2026-08-31,75861.0,380600.0,0.0,0.0,0.0,0.0,9.0,602.4,240.0,42.0,4121.0,6.0,26120.0,2.5,2026,152240,0,2026,0.0,0.0,5421.599999999999,10080.0,24726.0,65300.0,105527.6,8,0.3195154282124597,-5.137821339444631,-9.228344706443293
2026-09-03,72601.0,362985.0,0.0,0.0,0.0,0.0,11.0,381.8,398.0,28.0,4677.0,4.5,26681.0,2.5,2026,145194,3,2026,0.0,0.0,4199.8,11144.0,21046.5,66702.5,103092.8,9,1.1819753749051607,4.471310837102711,2.2630940870633935
2026-09-07,75186.0,375197.5,0.0,0.0,0.0,0.0,6.0,567.4,290.0,37.4,4435.0,5.1,27272.0,2.5,2026,150079,0,2026,0.0,0.0,3404.3999999999996,10846.0,22618.5,68180.0,105048.9,9,-0.6997871433519505,-2.1536875330859937,-3.630340411102573
